--------------------------------------------------------
--  파일이 생성됨 - 수요일-10월-06-2021   
--------------------------------------------------------
--------------------------------------------------------
--  DDL for Table ADMIN
--------------------------------------------------------

  CREATE TABLE "ADMIN" 
   (	"ADMIN_ID" VARCHAR2(20 BYTE), 
	"ADMIN_CLASS" VARCHAR2(50 BYTE), 
	"ADMIN_PWD" VARCHAR2(20 BYTE), 
	"ADMIN_NAME" VARCHAR2(50 BYTE)
   ) SEGMENT CREATION IMMEDIATE 
  PCTFREE 10 PCTUSED 40 INITRANS 1 MAXTRANS 255 NOCOMPRESS LOGGING
  STORAGE(INITIAL 65536 NEXT 1048576 MINEXTENTS 1 MAXEXTENTS 2147483645
  PCTINCREASE 0 FREELISTS 1 FREELIST GROUPS 1 BUFFER_POOL DEFAULT FLASH_CACHE DEFAULT CELL_FLASH_CACHE DEFAULT)
  TABLESPACE "SYSTEM" ;
--------------------------------------------------------
--  DDL for Table BANNER
--------------------------------------------------------

  CREATE TABLE "BANNER" 
   (	"BANNER_ID" NUMBER, 
	"BANNER_NAME" VARCHAR2(50 BYTE)
   ) SEGMENT CREATION IMMEDIATE 
  PCTFREE 10 PCTUSED 40 INITRANS 1 MAXTRANS 255 NOCOMPRESS LOGGING
  STORAGE(INITIAL 65536 NEXT 1048576 MINEXTENTS 1 MAXEXTENTS 2147483645
  PCTINCREASE 0 FREELISTS 1 FREELIST GROUPS 1 BUFFER_POOL DEFAULT FLASH_CACHE DEFAULT CELL_FLASH_CACHE DEFAULT)
  TABLESPACE "SYSTEM" ;
--------------------------------------------------------
--  DDL for Table BANNER_FILE
--------------------------------------------------------

  CREATE TABLE "BANNER_FILE" 
   (	"BANNER_FILE_ID" NUMBER, 
	"BANNER_ID" NUMBER, 
	"BANNER_FILE_NAME" VARCHAR2(100 BYTE), 
	"BANNER_FILE_TYPE" VARCHAR2(20 BYTE)
   ) SEGMENT CREATION IMMEDIATE 
  PCTFREE 10 PCTUSED 40 INITRANS 1 MAXTRANS 255 NOCOMPRESS LOGGING
  STORAGE(INITIAL 65536 NEXT 1048576 MINEXTENTS 1 MAXEXTENTS 2147483645
  PCTINCREASE 0 FREELISTS 1 FREELIST GROUPS 1 BUFFER_POOL DEFAULT FLASH_CACHE DEFAULT CELL_FLASH_CACHE DEFAULT)
  TABLESPACE "SYSTEM" ;
--------------------------------------------------------
--  DDL for Table CATEGORY
--------------------------------------------------------

  CREATE TABLE "CATEGORY" 
   (	"CATEG_ID" NUMBER, 
	"CATEG_NAME" VARCHAR2(20 BYTE)
   ) SEGMENT CREATION IMMEDIATE 
  PCTFREE 10 PCTUSED 40 INITRANS 1 MAXTRANS 255 NOCOMPRESS LOGGING
  STORAGE(INITIAL 65536 NEXT 1048576 MINEXTENTS 1 MAXEXTENTS 2147483645
  PCTINCREASE 0 FREELISTS 1 FREELIST GROUPS 1 BUFFER_POOL DEFAULT FLASH_CACHE DEFAULT CELL_FLASH_CACHE DEFAULT)
  TABLESPACE "SYSTEM" ;
--------------------------------------------------------
--  DDL for Table CMT
--------------------------------------------------------

  CREATE TABLE "CMT" 
   (	"CMT_ID" NUMBER, 
	"MEM_ID" VARCHAR2(20 BYTE), 
	"CMT_TEXT" VARCHAR2(500 BYTE), 
	"CMT_DATE" DATE DEFAULT sysdate, 
	"CONTENTS_ID" NUMBER
   ) SEGMENT CREATION IMMEDIATE 
  PCTFREE 10 PCTUSED 40 INITRANS 1 MAXTRANS 255 NOCOMPRESS LOGGING
  STORAGE(INITIAL 65536 NEXT 1048576 MINEXTENTS 1 MAXEXTENTS 2147483645
  PCTINCREASE 0 FREELISTS 1 FREELIST GROUPS 1 BUFFER_POOL DEFAULT FLASH_CACHE DEFAULT CELL_FLASH_CACHE DEFAULT)
  TABLESPACE "SYSTEM" ;
--------------------------------------------------------
--  DDL for Table COMPET
--------------------------------------------------------

  CREATE TABLE "COMPET" 
   (	"COMPET_ID" NUMBER, 
	"CATEG_ID" NUMBER, 
	"COMPET_NAME" VARCHAR2(100 BYTE), 
	"COMPET_START" DATE, 
	"COMPET_END" DATE, 
	"COMPET_CREATE" DATE DEFAULT sysdate, 
	"COMPET_TEXT" VARCHAR2(4000 BYTE), 
	"COMPET_TERMINATED" CHAR(1 BYTE)
   ) SEGMENT CREATION IMMEDIATE 
  PCTFREE 10 PCTUSED 40 INITRANS 1 MAXTRANS 255 NOCOMPRESS LOGGING
  STORAGE(INITIAL 65536 NEXT 1048576 MINEXTENTS 1 MAXEXTENTS 2147483645
  PCTINCREASE 0 FREELISTS 1 FREELIST GROUPS 1 BUFFER_POOL DEFAULT FLASH_CACHE DEFAULT CELL_FLASH_CACHE DEFAULT)
  TABLESPACE "SYSTEM" ;
--------------------------------------------------------
--  DDL for Table COMPET_FILE
--------------------------------------------------------

  CREATE TABLE "COMPET_FILE" 
   (	"COMPET_FILE_ID" NUMBER, 
	"COMPET_ID" NUMBER, 
	"COMPET_FILE_TYPE" VARCHAR2(10 BYTE), 
	"COMPET_FILE_NAME" VARCHAR2(100 BYTE)
   ) SEGMENT CREATION IMMEDIATE 
  PCTFREE 10 PCTUSED 40 INITRANS 1 MAXTRANS 255 NOCOMPRESS LOGGING
  STORAGE(INITIAL 65536 NEXT 1048576 MINEXTENTS 1 MAXEXTENTS 2147483645
  PCTINCREASE 0 FREELISTS 1 FREELIST GROUPS 1 BUFFER_POOL DEFAULT FLASH_CACHE DEFAULT CELL_FLASH_CACHE DEFAULT)
  TABLESPACE "SYSTEM" ;
--------------------------------------------------------
--  DDL for Table COMPET_NOTICE
--------------------------------------------------------

  CREATE TABLE "COMPET_NOTICE" 
   (	"COMPET_NOTICE_ID" NUMBER, 
	"COMPET_ID" NUMBER, 
	"ADMIN_ID" VARCHAR2(20 BYTE), 
	"COMPET_NOTICE_TITLE" VARCHAR2(100 BYTE), 
	"COMPET_NOTICE_DATE" DATE DEFAULT sysdate, 
	"COMPET_NOTICE_VIEW" NUMBER, 
	"COMPET_NOTICE_TEXT" VARCHAR2(4000 BYTE)
   ) SEGMENT CREATION IMMEDIATE 
  PCTFREE 10 PCTUSED 40 INITRANS 1 MAXTRANS 255 NOCOMPRESS LOGGING
  STORAGE(INITIAL 65536 NEXT 1048576 MINEXTENTS 1 MAXEXTENTS 2147483645
  PCTINCREASE 0 FREELISTS 1 FREELIST GROUPS 1 BUFFER_POOL DEFAULT FLASH_CACHE DEFAULT CELL_FLASH_CACHE DEFAULT)
  TABLESPACE "SYSTEM" ;
--------------------------------------------------------
--  DDL for Table COMPET_NOTICE_FILE
--------------------------------------------------------

  CREATE TABLE "COMPET_NOTICE_FILE" 
   (	"COMPET_NOTICE_FILE_ID" NUMBER, 
	"COMPET_NOTICE_ID" NUMBER, 
	"COMPET_NOTICE_FILE_NAME" VARCHAR2(50 BYTE), 
	"COMPET_NOTICE_FILE_TYPE" VARCHAR2(10 BYTE)
   ) SEGMENT CREATION IMMEDIATE 
  PCTFREE 10 PCTUSED 40 INITRANS 1 MAXTRANS 255 NOCOMPRESS LOGGING
  STORAGE(INITIAL 65536 NEXT 1048576 MINEXTENTS 1 MAXEXTENTS 2147483645
  PCTINCREASE 0 FREELISTS 1 FREELIST GROUPS 1 BUFFER_POOL DEFAULT FLASH_CACHE DEFAULT CELL_FLASH_CACHE DEFAULT)
  TABLESPACE "SYSTEM" ;
--------------------------------------------------------
--  DDL for Table COMPET_QNA
--------------------------------------------------------

  CREATE TABLE "COMPET_QNA" 
   (	"COMPET_QNA_ID" NUMBER, 
	"MEM_ID" VARCHAR2(20 BYTE), 
	"COMPET_ID" NUMBER, 
	"ADMIN_ID" VARCHAR2(20 BYTE), 
	"COMPET_QNA_TITLE" VARCHAR2(100 BYTE), 
	"COMPET_QNA_DATE" DATE DEFAULT sysdate, 
	"COMPET_QNA_VIEW" NUMBER DEFAULT 0, 
	"PARENT_ID" NUMBER, 
	"COMPET_QNA_TEXT" VARCHAR2(4000 BYTE)
   ) SEGMENT CREATION IMMEDIATE 
  PCTFREE 10 PCTUSED 40 INITRANS 1 MAXTRANS 255 NOCOMPRESS LOGGING
  STORAGE(INITIAL 65536 NEXT 1048576 MINEXTENTS 1 MAXEXTENTS 2147483645
  PCTINCREASE 0 FREELISTS 1 FREELIST GROUPS 1 BUFFER_POOL DEFAULT FLASH_CACHE DEFAULT CELL_FLASH_CACHE DEFAULT)
  TABLESPACE "SYSTEM" ;
--------------------------------------------------------
--  DDL for Table CONTENTS
--------------------------------------------------------

  CREATE TABLE "CONTENTS" 
   (	"CONTENTS_ID" NUMBER, 
	"MEM_ID" VARCHAR2(20 BYTE), 
	"COMPET_ID" NUMBER, 
	"CONTENTS_STATE" VARCHAR2(12 BYTE), 
	"CONTENTS_PROCESSING_DATE" DATE, 
	"CONTENTS_REJECT_REASON" VARCHAR2(500 BYTE), 
	"CONTENTS_VIEW" NUMBER, 
	"CONTENTS_NAME" VARCHAR2(300 BYTE), 
	"CONTENTS_TEXT" VARCHAR2(4000 BYTE)
   ) SEGMENT CREATION IMMEDIATE 
  PCTFREE 10 PCTUSED 40 INITRANS 1 MAXTRANS 255 NOCOMPRESS LOGGING
  STORAGE(INITIAL 65536 NEXT 1048576 MINEXTENTS 1 MAXEXTENTS 2147483645
  PCTINCREASE 0 FREELISTS 1 FREELIST GROUPS 1 BUFFER_POOL DEFAULT FLASH_CACHE DEFAULT CELL_FLASH_CACHE DEFAULT)
  TABLESPACE "SYSTEM" ;
--------------------------------------------------------
--  DDL for Table CONTENTS_ALERT
--------------------------------------------------------

  CREATE TABLE "CONTENTS_ALERT" 
   (	"CONTENTS_ALERT_ID" NUMBER, 
	"MEM_ID" VARCHAR2(20 BYTE), 
	"CONTENTS_ID" NUMBER, 
	"ALERT_TYPE" VARCHAR2(5 BYTE)
   ) SEGMENT CREATION IMMEDIATE 
  PCTFREE 10 PCTUSED 40 INITRANS 1 MAXTRANS 255 NOCOMPRESS LOGGING
  STORAGE(INITIAL 65536 NEXT 1048576 MINEXTENTS 1 MAXEXTENTS 2147483645
  PCTINCREASE 0 FREELISTS 1 FREELIST GROUPS 1 BUFFER_POOL DEFAULT FLASH_CACHE DEFAULT CELL_FLASH_CACHE DEFAULT)
  TABLESPACE "SYSTEM" ;
--------------------------------------------------------
--  DDL for Table CONTENTS_FILE
--------------------------------------------------------

  CREATE TABLE "CONTENTS_FILE" 
   (	"CONTENTS_FILE_ID" NUMBER, 
	"CONTENTS_ID" NUMBER, 
	"CONTENTS_FILE_TYPE" VARCHAR2(10 BYTE), 
	"CONTENTS_FILE_NAME" VARCHAR2(100 BYTE)
   ) SEGMENT CREATION IMMEDIATE 
  PCTFREE 10 PCTUSED 40 INITRANS 1 MAXTRANS 255 NOCOMPRESS LOGGING
  STORAGE(INITIAL 65536 NEXT 1048576 MINEXTENTS 1 MAXEXTENTS 2147483645
  PCTINCREASE 0 FREELISTS 1 FREELIST GROUPS 1 BUFFER_POOL DEFAULT FLASH_CACHE DEFAULT CELL_FLASH_CACHE DEFAULT)
  TABLESPACE "SYSTEM" ;
--------------------------------------------------------
--  DDL for Table LIKES
--------------------------------------------------------

  CREATE TABLE "LIKES" 
   (	"LIKES_ID" NUMBER, 
	"MEM_ID" VARCHAR2(20 BYTE), 
	"LIKES_DATE" DATE DEFAULT sysdate, 
	"CONTENTS_ID" NUMBER
   ) SEGMENT CREATION IMMEDIATE 
  PCTFREE 10 PCTUSED 40 INITRANS 1 MAXTRANS 255 NOCOMPRESS LOGGING
  STORAGE(INITIAL 65536 NEXT 1048576 MINEXTENTS 1 MAXEXTENTS 2147483645
  PCTINCREASE 0 FREELISTS 1 FREELIST GROUPS 1 BUFFER_POOL DEFAULT FLASH_CACHE DEFAULT CELL_FLASH_CACHE DEFAULT)
  TABLESPACE "SYSTEM" ;
--------------------------------------------------------
--  DDL for Table MAIN_NOTICE
--------------------------------------------------------

  CREATE TABLE "MAIN_NOTICE" 
   (	"MAIN_NOTICE_ID" NUMBER, 
	"ADMIN_ID" VARCHAR2(20 BYTE), 
	"MAIN_NOTICE_TEXT" VARCHAR2(4000 BYTE), 
	"MAIN_NOTICE_DATE" DATE DEFAULT sysdate, 
	"MAIN_NOTICE_TITLE" VARCHAR2(100 BYTE), 
	"MAIN_NOTICE_VIEW" NUMBER
   ) SEGMENT CREATION IMMEDIATE 
  PCTFREE 10 PCTUSED 40 INITRANS 1 MAXTRANS 255 NOCOMPRESS LOGGING
  STORAGE(INITIAL 65536 NEXT 1048576 MINEXTENTS 1 MAXEXTENTS 2147483645
  PCTINCREASE 0 FREELISTS 1 FREELIST GROUPS 1 BUFFER_POOL DEFAULT FLASH_CACHE DEFAULT CELL_FLASH_CACHE DEFAULT)
  TABLESPACE "SYSTEM" ;
--------------------------------------------------------
--  DDL for Table MAIN_NOTICE_FILE
--------------------------------------------------------

  CREATE TABLE "MAIN_NOTICE_FILE" 
   (	"MAIN_NOTICE_FILE_ID" NUMBER, 
	"MAIN_NOTICE_ID" NUMBER, 
	"MAIN_NOTICE_FILE_NAME" VARCHAR2(100 BYTE), 
	"MAIN_NOTICE_FILE_TYPE" VARCHAR2(10 BYTE)
   ) SEGMENT CREATION IMMEDIATE 
  PCTFREE 10 PCTUSED 40 INITRANS 1 MAXTRANS 255 NOCOMPRESS LOGGING
  STORAGE(INITIAL 65536 NEXT 1048576 MINEXTENTS 1 MAXEXTENTS 2147483645
  PCTINCREASE 0 FREELISTS 1 FREELIST GROUPS 1 BUFFER_POOL DEFAULT FLASH_CACHE DEFAULT CELL_FLASH_CACHE DEFAULT)
  TABLESPACE "SYSTEM" ;
--------------------------------------------------------
--  DDL for Table MEMBER
--------------------------------------------------------

  CREATE TABLE "MEMBER" 
   (	"MEM_ID" VARCHAR2(20 BYTE), 
	"MEM_PWD" VARCHAR2(20 BYTE), 
	"MEM_NAME" VARCHAR2(10 BYTE), 
	"MEM_NICKNAME" VARCHAR2(10 BYTE), 
	"MEM_STU_ID" VARCHAR2(20 BYTE), 
	"MEM_DEPT" VARCHAR2(20 BYTE), 
	"MEM_MAJOR" VARCHAR2(20 BYTE), 
	"MEM_GRADE" NUMBER, 
	"MEM_TEL1" NUMBER, 
	"MEM_TEL2" NUMBER, 
	"MEM_TEL3" NUMBER, 
	"MEM_PHONE1" NUMBER, 
	"MEM_PHONE2" NUMBER, 
	"MEM_PHONE3" NUMBER, 
	"MEM_EMAIL1" VARCHAR2(50 BYTE), 
	"MEM_EMAIL2" VARCHAR2(50 BYTE), 
	"MEM_NEW_ADDR" VARCHAR2(100 BYTE), 
	"MEM_OLD_ADDR" VARCHAR2(100 BYTE), 
	"MEM_DETAIL_ADDR" VARCHAR2(100 BYTE), 
	"MEM_ZIPCODE" NUMBER, 
	"MEM_CONTENTS_ALERT" VARCHAR2(10 BYTE), 
	"MEM_PUSH_ALERT" VARCHAR2(10 BYTE)
   ) SEGMENT CREATION IMMEDIATE 
  PCTFREE 10 PCTUSED 40 INITRANS 1 MAXTRANS 255 NOCOMPRESS LOGGING
  STORAGE(INITIAL 65536 NEXT 1048576 MINEXTENTS 1 MAXEXTENTS 2147483645
  PCTINCREASE 0 FREELISTS 1 FREELIST GROUPS 1 BUFFER_POOL DEFAULT FLASH_CACHE DEFAULT CELL_FLASH_CACHE DEFAULT)
  TABLESPACE "SYSTEM" ;
--------------------------------------------------------
--  DDL for Table MEMBER_FILE
--------------------------------------------------------

  CREATE TABLE "MEMBER_FILE" 
   (	"MEMBER_FILE_ID" NUMBER, 
	"MEM_ID" VARCHAR2(20 BYTE), 
	"MEM_FILE_TYPE" VARCHAR2(10 BYTE), 
	"MEM_FILE_NAME" VARCHAR2(100 BYTE)
   ) SEGMENT CREATION IMMEDIATE 
  PCTFREE 10 PCTUSED 40 INITRANS 1 MAXTRANS 255 NOCOMPRESS LOGGING
  STORAGE(INITIAL 65536 NEXT 1048576 MINEXTENTS 1 MAXEXTENTS 2147483645
  PCTINCREASE 0 FREELISTS 1 FREELIST GROUPS 1 BUFFER_POOL DEFAULT FLASH_CACHE DEFAULT CELL_FLASH_CACHE DEFAULT)
  TABLESPACE "SYSTEM" ;
--------------------------------------------------------
--  DDL for Table PUSH_ALERT
--------------------------------------------------------

  CREATE TABLE "PUSH_ALERT" 
   (	"PUSH_ALERT_ID" NUMBER, 
	"ADMIN_ID" VARCHAR2(20 BYTE), 
	"PUSH_ALERT_TEXT" VARCHAR2(500 BYTE), 
	"PUSH_ALERT_DATE" DATE DEFAULT sysdate, 
	"PUSH_ALERT_TITLE" VARCHAR2(100 BYTE)
   ) SEGMENT CREATION IMMEDIATE 
  PCTFREE 10 PCTUSED 40 INITRANS 1 MAXTRANS 255 NOCOMPRESS LOGGING
  STORAGE(INITIAL 65536 NEXT 1048576 MINEXTENTS 1 MAXEXTENTS 2147483645
  PCTINCREASE 0 FREELISTS 1 FREELIST GROUPS 1 BUFFER_POOL DEFAULT FLASH_CACHE DEFAULT CELL_FLASH_CACHE DEFAULT)
  TABLESPACE "SYSTEM" ;
--------------------------------------------------------
--  DDL for Table RECEPTION
--------------------------------------------------------

  CREATE TABLE "RECEPTION" 
   (	"RECEPTION_ID" NUMBER, 
	"PUSH_ALERT_ID" NUMBER, 
	"MEM_ID" VARCHAR2(20 BYTE), 
	"RECEPTION_OX" CHAR(1 BYTE)
   ) SEGMENT CREATION IMMEDIATE 
  PCTFREE 10 PCTUSED 40 INITRANS 1 MAXTRANS 255 NOCOMPRESS LOGGING
  STORAGE(INITIAL 65536 NEXT 1048576 MINEXTENTS 1 MAXEXTENTS 2147483645
  PCTINCREASE 0 FREELISTS 1 FREELIST GROUPS 1 BUFFER_POOL DEFAULT FLASH_CACHE DEFAULT CELL_FLASH_CACHE DEFAULT)
  TABLESPACE "SYSTEM" ;
REM INSERTING into ADMIN
SET DEFINE OFF;
Insert into ADMIN (ADMIN_ID,ADMIN_CLASS,ADMIN_PWD,ADMIN_NAME) values ('1','메인','12345','메인관리자');
Insert into ADMIN (ADMIN_ID,ADMIN_CLASS,ADMIN_PWD,ADMIN_NAME) values ('2','서브','23456','서브관리자1');
Insert into ADMIN (ADMIN_ID,ADMIN_CLASS,ADMIN_PWD,ADMIN_NAME) values ('3','서브','34567','서브관리자2');
REM INSERTING into BANNER
SET DEFINE OFF;
Insert into BANNER (BANNER_ID,BANNER_NAME) values (3,'한라 리센 오션파크');
Insert into BANNER (BANNER_ID,BANNER_NAME) values (1,'우드테라피');
Insert into BANNER (BANNER_ID,BANNER_NAME) values (2,'동방특송');
REM INSERTING into BANNER_FILE
SET DEFINE OFF;
Insert into BANNER_FILE (BANNER_FILE_ID,BANNER_ID,BANNER_FILE_NAME,BANNER_FILE_TYPE) values (1,1,'banner1.jpg','img');
Insert into BANNER_FILE (BANNER_FILE_ID,BANNER_ID,BANNER_FILE_NAME,BANNER_FILE_TYPE) values (2,2,'banner2.jpg','img');
Insert into BANNER_FILE (BANNER_FILE_ID,BANNER_ID,BANNER_FILE_NAME,BANNER_FILE_TYPE) values (3,3,'banner3.png','img');
REM INSERTING into CATEGORY
SET DEFINE OFF;
Insert into CATEGORY (CATEG_ID,CATEG_NAME) values (1,'알고리즘');
Insert into CATEGORY (CATEG_ID,CATEG_NAME) values (2,'빅데이터');
REM INSERTING into CMT
SET DEFINE OFF;
Insert into CMT (CMT_ID,MEM_ID,CMT_TEXT,CMT_DATE,CONTENTS_ID) values (1,'20210820','와우',to_date('21/09/01','RR/MM/DD'),151);
Insert into CMT (CMT_ID,MEM_ID,CMT_TEXT,CMT_DATE,CONTENTS_ID) values (2,'20210821','대박',to_date('21/09/02','RR/MM/DD'),151);
Insert into CMT (CMT_ID,MEM_ID,CMT_TEXT,CMT_DATE,CONTENTS_ID) values (3,'20210822','쩔어쩔어',to_date('21/09/03','RR/MM/DD'),151);
Insert into CMT (CMT_ID,MEM_ID,CMT_TEXT,CMT_DATE,CONTENTS_ID) values (4,'20210823','헐',to_date('21/09/05','RR/MM/DD'),158);
Insert into CMT (CMT_ID,MEM_ID,CMT_TEXT,CMT_DATE,CONTENTS_ID) values (5,'20210824','아닌데~?',to_date('21/09/07','RR/MM/DD'),23);
Insert into CMT (CMT_ID,MEM_ID,CMT_TEXT,CMT_DATE,CONTENTS_ID) values (6,'20210825','아녀아녀유',to_date('21/09/09','RR/MM/DD'),30);
Insert into CMT (CMT_ID,MEM_ID,CMT_TEXT,CMT_DATE,CONTENTS_ID) values (7,'20210826','행쇼',to_date('21/09/13','RR/MM/DD'),87);
Insert into CMT (CMT_ID,MEM_ID,CMT_TEXT,CMT_DATE,CONTENTS_ID) values (8,'20210827','샘이솟아',to_date('21/09/15','RR/MM/DD'),95);
Insert into CMT (CMT_ID,MEM_ID,CMT_TEXT,CMT_DATE,CONTENTS_ID) values (9,'20210828','정발산기슭곰발냄새타령부인사잘해',to_date('21/09/16','RR/MM/DD'),116);
Insert into CMT (CMT_ID,MEM_ID,CMT_TEXT,CMT_DATE,CONTENTS_ID) values (10,'20210829','정신차려이각박한세상에서',to_date('21/09/17','RR/MM/DD'),116);
Insert into CMT (CMT_ID,MEM_ID,CMT_TEXT,CMT_DATE,CONTENTS_ID) values (11,'20210829','하하씨',to_date('21/09/17','RR/MM/DD'),159);
Insert into CMT (CMT_ID,MEM_ID,CMT_TEXT,CMT_DATE,CONTENTS_ID) values (12,'20210830','저6000원있어요',to_date('21/09/17','RR/MM/DD'),159);
Insert into CMT (CMT_ID,MEM_ID,CMT_TEXT,CMT_DATE,CONTENTS_ID) values (13,'20210901','럭키가이',to_date('21/09/19','RR/MM/DD'),159);
Insert into CMT (CMT_ID,MEM_ID,CMT_TEXT,CMT_DATE,CONTENTS_ID) values (14,'20210902','생각없음',to_date('21/09/20','RR/MM/DD'),31);
Insert into CMT (CMT_ID,MEM_ID,CMT_TEXT,CMT_DATE,CONTENTS_ID) values (15,'20210903','댓글',to_date('21/09/21','RR/MM/DD'),45);
Insert into CMT (CMT_ID,MEM_ID,CMT_TEXT,CMT_DATE,CONTENTS_ID) values (16,'20210904','댓글',to_date('21/09/21','RR/MM/DD'),52);
Insert into CMT (CMT_ID,MEM_ID,CMT_TEXT,CMT_DATE,CONTENTS_ID) values (17,'20210905','댓글',to_date('21/09/21','RR/MM/DD'),52);
Insert into CMT (CMT_ID,MEM_ID,CMT_TEXT,CMT_DATE,CONTENTS_ID) values (18,'20210906','댓글',to_date('21/09/25','RR/MM/DD'),103);
Insert into CMT (CMT_ID,MEM_ID,CMT_TEXT,CMT_DATE,CONTENTS_ID) values (19,'20210907','뽀롱뽀롱뽀로로',to_date('21/09/26','RR/MM/DD'),117);
Insert into CMT (CMT_ID,MEM_ID,CMT_TEXT,CMT_DATE,CONTENTS_ID) values (20,'20210908','댓글',to_date('21/09/26','RR/MM/DD'),117);
Insert into CMT (CMT_ID,MEM_ID,CMT_TEXT,CMT_DATE,CONTENTS_ID) values (21,'20210907','뽀롱뽀롱뽀로로',to_date('21/09/28','RR/MM/DD'),39);
Insert into CMT (CMT_ID,MEM_ID,CMT_TEXT,CMT_DATE,CONTENTS_ID) values (22,'20210907','뽀롱뽀롱뽀로로',to_date('21/09/29','RR/MM/DD'),53);
Insert into CMT (CMT_ID,MEM_ID,CMT_TEXT,CMT_DATE,CONTENTS_ID) values (23,'20210907','뽀롱뽀롱뽀로로',to_date('21/09/29','RR/MM/DD'),60);
Insert into CMT (CMT_ID,MEM_ID,CMT_TEXT,CMT_DATE,CONTENTS_ID) values (24,'20210907','뽀롱뽀롱뽀로로',to_date('21/09/29','RR/MM/DD'),111);
Insert into CMT (CMT_ID,MEM_ID,CMT_TEXT,CMT_DATE,CONTENTS_ID) values (25,'20210907','군침이싹도네',to_date('21/09/30','RR/MM/DD'),118);
REM INSERTING into COMPET
SET DEFINE OFF;
Insert into COMPET (COMPET_ID,CATEG_ID,COMPET_NAME,COMPET_START,COMPET_END,COMPET_CREATE,COMPET_TEXT,COMPET_TERMINATED) values (1,1,'삼성전자 알고리즘 대회',to_date('21/09/10','RR/MM/DD'),to_date('21/10/10','RR/MM/DD'),to_date('21/09/09','RR/MM/DD'),'삼성전자에서 주관하는 알고리즘 천하 제일 대회! 삼성에서 상금도 받고 취뽀도 하자!!','N');
Insert into COMPET (COMPET_ID,CATEG_ID,COMPET_NAME,COMPET_START,COMPET_END,COMPET_CREATE,COMPET_TEXT,COMPET_TERMINATED) values (2,1,'중학생 알고리즘 경진대회',to_date('21/08/27','RR/MM/DD'),to_date('21/09/30','RR/MM/DD'),to_date('21/09/09','RR/MM/DD'),'코딩 꿈나무들이 펼치는 알고리즘 대전! 상금 총합 500만원! 많은 관심 부탁드립니다~','N');
Insert into COMPET (COMPET_ID,CATEG_ID,COMPET_NAME,COMPET_START,COMPET_END,COMPET_CREATE,COMPET_TEXT,COMPET_TERMINATED) values (3,1,'제3회 국민대학교 알고리즘 대회',to_date('21/05/13','RR/MM/DD'),to_date('21/06/08','RR/MM/DD'),to_date('21/09/09','RR/MM/DD'),'역대급 국민대 알고리즘 대회가 열린다~! 우승 상금 300만원!! 우승자와 준우승자에게는 해외 IT 기업 탐방 기회가 주어집니다. 많은 참여 부탁드립니다!!','Y');
Insert into COMPET (COMPET_ID,CATEG_ID,COMPET_NAME,COMPET_START,COMPET_END,COMPET_CREATE,COMPET_TEXT,COMPET_TERMINATED) values (4,1,'동국대학교 프로그래밍 경진대회',to_date('21/11/13','RR/MM/DD'),to_date('21/12/25','RR/MM/DD'),to_date('21/09/09','RR/MM/DD'),'동국대학교에서 펼쳐지는 알고리즘 대전!! 참여자들 대상으로 5천 원 상당의 스타벅스 기프티콘을 드립니다~~','N');
Insert into COMPET (COMPET_ID,CATEG_ID,COMPET_NAME,COMPET_START,COMPET_END,COMPET_CREATE,COMPET_TEXT,COMPET_TERMINATED) values (5,2,'미래에셋대우 빅데이터 페스티벌',to_date('21/08/10','RR/MM/DD'),to_date('21/10/01','RR/MM/DD'),to_date('21/09/09','RR/MM/DD'),'다시 돌아온 미래에셋대우 빅데이터 페스티벌! 투자 예측, 블록체인 등 총 5가지 분야에서 재능을 마음껏 뽐내보세요~!','N');
Insert into COMPET (COMPET_ID,CATEG_ID,COMPET_NAME,COMPET_START,COMPET_END,COMPET_CREATE,COMPET_TEXT,COMPET_TERMINATED) values (6,2,'해양수산 빅데이터 분석 경진대회',to_date('21/03/27','RR/MM/DD'),to_date('21/04/17','RR/MM/DD'),to_date('21/09/09','RR/MM/DD'),'해양에서 벌어지는 각종 문제들을 빅데이터로 풀어내자! 3월 27일부터 4월 17일까지 열리니 많은 관심 부탁드립니다!!','N');
Insert into COMPET (COMPET_ID,CATEG_ID,COMPET_NAME,COMPET_START,COMPET_END,COMPET_CREATE,COMPET_TEXT,COMPET_TERMINATED) values (7,2,'금융 빅데이터 활용 아이디어 공모전',to_date('21/05/22','RR/MM/DD'),to_date('21/06/23','RR/MM/DD'),to_date('21/09/09','RR/MM/DD'),'금융 빅데이터를 활용하여 창의적인 아이디어를 뽐내보세요! 우승 상금 500만원, 총 상금 1000만원 규모의 페스티벌입니다~!','Y');
Insert into COMPET (COMPET_ID,CATEG_ID,COMPET_NAME,COMPET_START,COMPET_END,COMPET_CREATE,COMPET_TEXT,COMPET_TERMINATED) values (8,2,'사이버보안 빅데이터 활용 경진대회',to_date('21/07/05','RR/MM/DD'),to_date('21/08/03','RR/MM/DD'),to_date('21/09/09','RR/MM/DD'),'보안과 빅데이터의 시너지 효과를 직접 경험할 수 있는 기회입니다! 빅데이터에 관심이 있는 보안 전문가들을 모십니다~ 많은 관심 바랍니다','Y');
Insert into COMPET (COMPET_ID,CATEG_ID,COMPET_NAME,COMPET_START,COMPET_END,COMPET_CREATE,COMPET_TEXT,COMPET_TERMINATED) values (9,1,'경희대학교 전국 고등학생 알고리즘 경진대회',to_date('21/09/09','RR/MM/DD'),to_date('21/11/15','RR/MM/DD'),to_date('21/09/07','RR/MM/DD'),'경희대학교에서 주관하는 전국 고등학생 대상 알고리즘 대회입니다! 우승자에게는 본교 입학 시 가산점이 주어집니다! 본인의 코딩 실력을 마음껏 뽐내주세요!','N');
Insert into COMPET (COMPET_ID,CATEG_ID,COMPET_NAME,COMPET_START,COMPET_END,COMPET_CREATE,COMPET_TEXT,COMPET_TERMINATED) values (10,2,'UNIST 제6회 빅데이터 경진대회',to_date('21/09/05','RR/MM/DD'),to_date('21/11/20','RR/MM/DD'),to_date('21/09/05','RR/MM/DD'),'세계적인 공학도들의 산실 유니스트에서 빅데이터 인재를 찾습니다! 우승자에게는 300만 원의 상금과 미국 어학연수의 기회가 주어집니다! 많은 참여 바랍니다!','N');
REM INSERTING into COMPET_FILE
SET DEFINE OFF;
Insert into COMPET_FILE (COMPET_FILE_ID,COMPET_ID,COMPET_FILE_TYPE,COMPET_FILE_NAME) values (17,9,'img','경희대학교 전국 고등학생 알고리즘 경진대회-big.jpg');
Insert into COMPET_FILE (COMPET_FILE_ID,COMPET_ID,COMPET_FILE_TYPE,COMPET_FILE_NAME) values (18,9,'img','경희대학교 전국 고등학생 알고리즘 경진대회-small.jpg');
Insert into COMPET_FILE (COMPET_FILE_ID,COMPET_ID,COMPET_FILE_TYPE,COMPET_FILE_NAME) values (19,10,'img','UNIST 제6회 빅데이터 경진대회-big.jpg');
Insert into COMPET_FILE (COMPET_FILE_ID,COMPET_ID,COMPET_FILE_TYPE,COMPET_FILE_NAME) values (20,10,'img','UNIST 제6회 빅데이터 경진대회-small.jpg');
Insert into COMPET_FILE (COMPET_FILE_ID,COMPET_ID,COMPET_FILE_TYPE,COMPET_FILE_NAME) values (1,1,'img','삼성전자 알고리즘 대회-small.jpg');
Insert into COMPET_FILE (COMPET_FILE_ID,COMPET_ID,COMPET_FILE_TYPE,COMPET_FILE_NAME) values (2,1,'img','삼성전자 알고리즘 대회-big.jpg');
Insert into COMPET_FILE (COMPET_FILE_ID,COMPET_ID,COMPET_FILE_TYPE,COMPET_FILE_NAME) values (3,2,'img','중학생 알고리즘 경진대회-small.jpg');
Insert into COMPET_FILE (COMPET_FILE_ID,COMPET_ID,COMPET_FILE_TYPE,COMPET_FILE_NAME) values (4,2,'img','중학생 알고리즘 경진대회-big.jpg');
Insert into COMPET_FILE (COMPET_FILE_ID,COMPET_ID,COMPET_FILE_TYPE,COMPET_FILE_NAME) values (5,3,'img','제3회 국민대학교 알고리즘 대회-small.jpg');
Insert into COMPET_FILE (COMPET_FILE_ID,COMPET_ID,COMPET_FILE_TYPE,COMPET_FILE_NAME) values (6,3,'img','제3회 국민대학교 알고리즘 대회-big.jpg');
Insert into COMPET_FILE (COMPET_FILE_ID,COMPET_ID,COMPET_FILE_TYPE,COMPET_FILE_NAME) values (7,4,'img','동국대학교 프로그래밍 경진대회-small.jpg');
Insert into COMPET_FILE (COMPET_FILE_ID,COMPET_ID,COMPET_FILE_TYPE,COMPET_FILE_NAME) values (8,4,'img','동국대학교 프로그래밍 경진대회-big.jpg');
Insert into COMPET_FILE (COMPET_FILE_ID,COMPET_ID,COMPET_FILE_TYPE,COMPET_FILE_NAME) values (9,5,'img','미래에셋대우 빅데이터 페스티벌-small.jpg');
Insert into COMPET_FILE (COMPET_FILE_ID,COMPET_ID,COMPET_FILE_TYPE,COMPET_FILE_NAME) values (10,5,'img','미래에셋대우 빅데이터 페스티벌-big.jpg');
Insert into COMPET_FILE (COMPET_FILE_ID,COMPET_ID,COMPET_FILE_TYPE,COMPET_FILE_NAME) values (11,6,'img','해양수산 빅데이터 분석 경진대회-small.jpg');
Insert into COMPET_FILE (COMPET_FILE_ID,COMPET_ID,COMPET_FILE_TYPE,COMPET_FILE_NAME) values (12,6,'img','해양수산 빅데이터 분석 경진대회-big.jpg');
Insert into COMPET_FILE (COMPET_FILE_ID,COMPET_ID,COMPET_FILE_TYPE,COMPET_FILE_NAME) values (13,7,'img','금융 빅데이터 활용 아이디어 공모전-small.jpg');
Insert into COMPET_FILE (COMPET_FILE_ID,COMPET_ID,COMPET_FILE_TYPE,COMPET_FILE_NAME) values (14,7,'img','금융 빅데이터 활용 아이디어 공모전-big.jpg');
Insert into COMPET_FILE (COMPET_FILE_ID,COMPET_ID,COMPET_FILE_TYPE,COMPET_FILE_NAME) values (15,8,'img','사이버보안 빅데이터 활용 경진대회-small.jpg');
Insert into COMPET_FILE (COMPET_FILE_ID,COMPET_ID,COMPET_FILE_TYPE,COMPET_FILE_NAME) values (16,8,'img','사이버보안 빅데이터 활용 경진대회-big.jpg');
REM INSERTING into COMPET_NOTICE
SET DEFINE OFF;
Insert into COMPET_NOTICE (COMPET_NOTICE_ID,COMPET_ID,ADMIN_ID,COMPET_NOTICE_TITLE,COMPET_NOTICE_DATE,COMPET_NOTICE_VIEW,COMPET_NOTICE_TEXT) values (17,1,'1','sds2',to_date('21/10/06','RR/MM/DD'),3,'asasasa');
Insert into COMPET_NOTICE (COMPET_NOTICE_ID,COMPET_ID,ADMIN_ID,COMPET_NOTICE_TITLE,COMPET_NOTICE_DATE,COMPET_NOTICE_VIEW,COMPET_NOTICE_TEXT) values (2,1,'1','사용가능 툴',to_date('21/09/09','RR/MM/DD'),40,'사용가능한 툴은 파이썬, r, 자바만 사용이 가능합니다.');
Insert into COMPET_NOTICE (COMPET_NOTICE_ID,COMPET_ID,ADMIN_ID,COMPET_NOTICE_TITLE,COMPET_NOTICE_DATE,COMPET_NOTICE_VIEW,COMPET_NOTICE_TEXT) values (3,2,'2','참가자 동의사항',to_date('21/09/09','RR/MM/DD'),17,'참가자는 개인정보 열람기능에 동의해야만 참여가 가능합니다.');
Insert into COMPET_NOTICE (COMPET_NOTICE_ID,COMPET_ID,ADMIN_ID,COMPET_NOTICE_TITLE,COMPET_NOTICE_DATE,COMPET_NOTICE_VIEW,COMPET_NOTICE_TEXT) values (4,2,'2','규칙',to_date('21/09/09','RR/MM/DD'),64,'내국인만 참여가 가능하며 개인이 중복 참여가 불가합니다.');
Insert into COMPET_NOTICE (COMPET_NOTICE_ID,COMPET_ID,ADMIN_ID,COMPET_NOTICE_TITLE,COMPET_NOTICE_DATE,COMPET_NOTICE_VIEW,COMPET_NOTICE_TEXT) values (5,3,'3','실격처리 사항',to_date('21/09/09','RR/MM/DD'),47,'부정 제출 및 치팅 행위, 허용되지 않은 외부데이터 사용, 기타 경쟁의 공정성을 저해하는 행위는 실격처리입니다.');
Insert into COMPET_NOTICE (COMPET_NOTICE_ID,COMPET_ID,ADMIN_ID,COMPET_NOTICE_TITLE,COMPET_NOTICE_DATE,COMPET_NOTICE_VIEW,COMPET_NOTICE_TEXT) values (6,3,'3','제한내용',to_date('21/09/09','RR/MM/DD'),11,'타인의 특허 또는 실용신안 등 지적재산권을 침해하거나 침해할 우려가 있는 아이템은 제한됩니다.');
Insert into COMPET_NOTICE (COMPET_NOTICE_ID,COMPET_ID,ADMIN_ID,COMPET_NOTICE_TITLE,COMPET_NOTICE_DATE,COMPET_NOTICE_VIEW,COMPET_NOTICE_TEXT) values (7,4,'2','제한내용',to_date('21/09/09','RR/MM/DD'),18,'타인의 특허 또는 실용신안 등 지적재산권을 침해하거나 침해할 우려가 있는 아이템은 제한됩니다.');
Insert into COMPET_NOTICE (COMPET_NOTICE_ID,COMPET_ID,ADMIN_ID,COMPET_NOTICE_TITLE,COMPET_NOTICE_DATE,COMPET_NOTICE_VIEW,COMPET_NOTICE_TEXT) values (8,4,'1','실격처리 사항',to_date('21/09/09','RR/MM/DD'),33,'부정 제출 및 치팅 행위, 허용되지 않은 외부데이터 사용, 기타 경쟁의 공정성을 저해하는 행위는 실격처리입니다.');
Insert into COMPET_NOTICE (COMPET_NOTICE_ID,COMPET_ID,ADMIN_ID,COMPET_NOTICE_TITLE,COMPET_NOTICE_DATE,COMPET_NOTICE_VIEW,COMPET_NOTICE_TEXT) values (9,5,'3','규칙',to_date('21/09/09','RR/MM/DD'),64,'내국인만 참여가 가능하며 개인이 중복 참여가 불가합니다.');
Insert into COMPET_NOTICE (COMPET_NOTICE_ID,COMPET_ID,ADMIN_ID,COMPET_NOTICE_TITLE,COMPET_NOTICE_DATE,COMPET_NOTICE_VIEW,COMPET_NOTICE_TEXT) values (10,5,'3','참가자 동의사항',to_date('21/09/09','RR/MM/DD'),14,'참가자는 개인정보 열람기능에 동의해야만 참여가 가능합니다.');
Insert into COMPET_NOTICE (COMPET_NOTICE_ID,COMPET_ID,ADMIN_ID,COMPET_NOTICE_TITLE,COMPET_NOTICE_DATE,COMPET_NOTICE_VIEW,COMPET_NOTICE_TEXT) values (11,6,'2','참가자 동의사항',to_date('21/09/09','RR/MM/DD'),19,'참가자는 개인정보 열람기능에 동의해야만 참여가 가능합니다.');
Insert into COMPET_NOTICE (COMPET_NOTICE_ID,COMPET_ID,ADMIN_ID,COMPET_NOTICE_TITLE,COMPET_NOTICE_DATE,COMPET_NOTICE_VIEW,COMPET_NOTICE_TEXT) values (12,6,'1','실격처리 사항',to_date('21/09/09','RR/MM/DD'),30,'부정 제출 및 치팅 행위, 허용되지 않은 외부데이터 사용, 기타 경쟁의 공정성을 저해하는 행위는 실격처리입니다.');
Insert into COMPET_NOTICE (COMPET_NOTICE_ID,COMPET_ID,ADMIN_ID,COMPET_NOTICE_TITLE,COMPET_NOTICE_DATE,COMPET_NOTICE_VIEW,COMPET_NOTICE_TEXT) values (13,7,'2','제한내용',to_date('21/09/09','RR/MM/DD'),11,'타인의 특허 또는 실용신안 등 지적재산권을 침해하거나 침해할 우려가 있는 아이템은 제한됩니다.');
Insert into COMPET_NOTICE (COMPET_NOTICE_ID,COMPET_ID,ADMIN_ID,COMPET_NOTICE_TITLE,COMPET_NOTICE_DATE,COMPET_NOTICE_VIEW,COMPET_NOTICE_TEXT) values (14,7,'2','실격처리 사항',to_date('21/09/09','RR/MM/DD'),51,'부정 제출 및 치팅 행위, 허용되지 않은 외부데이터 사용, 기타 경쟁의 공정성을 저해하는 행위는 실격처리입니다.');
Insert into COMPET_NOTICE (COMPET_NOTICE_ID,COMPET_ID,ADMIN_ID,COMPET_NOTICE_TITLE,COMPET_NOTICE_DATE,COMPET_NOTICE_VIEW,COMPET_NOTICE_TEXT) values (15,8,'3','규칙',to_date('21/09/09','RR/MM/DD'),70,'내국인만 참여가 가능하며 개인이 중복 참여가 불가합니다.');
Insert into COMPET_NOTICE (COMPET_NOTICE_ID,COMPET_ID,ADMIN_ID,COMPET_NOTICE_TITLE,COMPET_NOTICE_DATE,COMPET_NOTICE_VIEW,COMPET_NOTICE_TEXT) values (16,8,'1','참가자 동의사항',to_date('21/09/09','RR/MM/DD'),55,'참가자는 개인정보 열람기능에 동의해야만 참여가 가능합니다.');
REM INSERTING into COMPET_NOTICE_FILE
SET DEFINE OFF;
Insert into COMPET_NOTICE_FILE (COMPET_NOTICE_FILE_ID,COMPET_NOTICE_ID,COMPET_NOTICE_FILE_NAME,COMPET_NOTICE_FILE_TYPE) values (2,2,'인공지능.png','img');
Insert into COMPET_NOTICE_FILE (COMPET_NOTICE_FILE_ID,COMPET_NOTICE_ID,COMPET_NOTICE_FILE_NAME,COMPET_NOTICE_FILE_TYPE) values (3,3,'버블탐색.png','img');
Insert into COMPET_NOTICE_FILE (COMPET_NOTICE_FILE_ID,COMPET_NOTICE_ID,COMPET_NOTICE_FILE_NAME,COMPET_NOTICE_FILE_TYPE) values (4,4,'최단경로.png','img');
Insert into COMPET_NOTICE_FILE (COMPET_NOTICE_FILE_ID,COMPET_NOTICE_ID,COMPET_NOTICE_FILE_NAME,COMPET_NOTICE_FILE_TYPE) values (5,5,'인공지능.png','img');
Insert into COMPET_NOTICE_FILE (COMPET_NOTICE_FILE_ID,COMPET_NOTICE_ID,COMPET_NOTICE_FILE_NAME,COMPET_NOTICE_FILE_TYPE) values (6,6,'언급.jpg','img');
Insert into COMPET_NOTICE_FILE (COMPET_NOTICE_FILE_ID,COMPET_NOTICE_ID,COMPET_NOTICE_FILE_NAME,COMPET_NOTICE_FILE_TYPE) values (7,7,'인공지능 언급.jpg','img');
Insert into COMPET_NOTICE_FILE (COMPET_NOTICE_FILE_ID,COMPET_NOTICE_ID,COMPET_NOTICE_FILE_NAME,COMPET_NOTICE_FILE_TYPE) values (8,8,'빅데이터.jpg','img');
REM INSERTING into COMPET_QNA
SET DEFINE OFF;
Insert into COMPET_QNA (COMPET_QNA_ID,MEM_ID,COMPET_ID,ADMIN_ID,COMPET_QNA_TITLE,COMPET_QNA_DATE,COMPET_QNA_VIEW,PARENT_ID,COMPET_QNA_TEXT) values (1,'20210820',1,null,'대회 관련 문의aa',to_date('21/09/10','RR/MM/DD'),15,0,'대회 경쟁률이 얼마나 되나요?aa');
Insert into COMPET_QNA (COMPET_QNA_ID,MEM_ID,COMPET_ID,ADMIN_ID,COMPET_QNA_TITLE,COMPET_QNA_DATE,COMPET_QNA_VIEW,PARENT_ID,COMPET_QNA_TEXT) values (3,'20210821',2,null,'대회 관련 문의',to_date('21/09/10','RR/MM/DD'),3,0,'대회 경쟁률이 얼마나 되나요?');
Insert into COMPET_QNA (COMPET_QNA_ID,MEM_ID,COMPET_ID,ADMIN_ID,COMPET_QNA_TITLE,COMPET_QNA_DATE,COMPET_QNA_VIEW,PARENT_ID,COMPET_QNA_TEXT) values (5,'20210822',3,null,'대회 관련 문의',to_date('21/09/10','RR/MM/DD'),3,0,'대회 경쟁률이 얼마나 되나요?');
Insert into COMPET_QNA (COMPET_QNA_ID,MEM_ID,COMPET_ID,ADMIN_ID,COMPET_QNA_TITLE,COMPET_QNA_DATE,COMPET_QNA_VIEW,PARENT_ID,COMPET_QNA_TEXT) values (7,'20210823',4,null,'대회 관련 문의',to_date('21/09/10','RR/MM/DD'),3,0,'대회 경쟁률이 얼마나 되나요?');
Insert into COMPET_QNA (COMPET_QNA_ID,MEM_ID,COMPET_ID,ADMIN_ID,COMPET_QNA_TITLE,COMPET_QNA_DATE,COMPET_QNA_VIEW,PARENT_ID,COMPET_QNA_TEXT) values (9,'20210824',5,null,'대회 관련 문의',to_date('21/09/10','RR/MM/DD'),3,0,'대회 경쟁률이 얼마나 되나요?');
Insert into COMPET_QNA (COMPET_QNA_ID,MEM_ID,COMPET_ID,ADMIN_ID,COMPET_QNA_TITLE,COMPET_QNA_DATE,COMPET_QNA_VIEW,PARENT_ID,COMPET_QNA_TEXT) values (11,'20210825',6,null,'대회 관련 문의',to_date('21/09/10','RR/MM/DD'),3,0,'대회 경쟁률이 얼마나 되나요?');
Insert into COMPET_QNA (COMPET_QNA_ID,MEM_ID,COMPET_ID,ADMIN_ID,COMPET_QNA_TITLE,COMPET_QNA_DATE,COMPET_QNA_VIEW,PARENT_ID,COMPET_QNA_TEXT) values (13,'20210826',7,null,'대회 관련 문의',to_date('21/09/10','RR/MM/DD'),3,0,'대회 경쟁률이 얼마나 되나요?');
Insert into COMPET_QNA (COMPET_QNA_ID,MEM_ID,COMPET_ID,ADMIN_ID,COMPET_QNA_TITLE,COMPET_QNA_DATE,COMPET_QNA_VIEW,PARENT_ID,COMPET_QNA_TEXT) values (15,'20210827',8,null,'대회 관련 문의',to_date('21/09/10','RR/MM/DD'),3,0,'대회 경쟁률이 얼마나 되나요?');
Insert into COMPET_QNA (COMPET_QNA_ID,MEM_ID,COMPET_ID,ADMIN_ID,COMPET_QNA_TITLE,COMPET_QNA_DATE,COMPET_QNA_VIEW,PARENT_ID,COMPET_QNA_TEXT) values (2,null,1,'1','답변: 대회 관련 문의',to_date('21/09/10','RR/MM/DD'),3,1,'이번 대회 경쟁률은 3.14입니다123');
Insert into COMPET_QNA (COMPET_QNA_ID,MEM_ID,COMPET_ID,ADMIN_ID,COMPET_QNA_TITLE,COMPET_QNA_DATE,COMPET_QNA_VIEW,PARENT_ID,COMPET_QNA_TEXT) values (4,null,2,'2','답변: 대회 관련 문의',to_date('21/09/10','RR/MM/DD'),3,3,'이번 대회 경쟁률은 3.14입니다.');
Insert into COMPET_QNA (COMPET_QNA_ID,MEM_ID,COMPET_ID,ADMIN_ID,COMPET_QNA_TITLE,COMPET_QNA_DATE,COMPET_QNA_VIEW,PARENT_ID,COMPET_QNA_TEXT) values (6,null,3,'3','답변: 대회 관련 문의',to_date('21/09/10','RR/MM/DD'),3,5,'이번 대회 경쟁률은 3.14입니다.');
Insert into COMPET_QNA (COMPET_QNA_ID,MEM_ID,COMPET_ID,ADMIN_ID,COMPET_QNA_TITLE,COMPET_QNA_DATE,COMPET_QNA_VIEW,PARENT_ID,COMPET_QNA_TEXT) values (8,null,4,'1','답변: 대회 관련 문의',to_date('21/09/10','RR/MM/DD'),3,7,'이번 대회 경쟁률은 3.14입니다.');
Insert into COMPET_QNA (COMPET_QNA_ID,MEM_ID,COMPET_ID,ADMIN_ID,COMPET_QNA_TITLE,COMPET_QNA_DATE,COMPET_QNA_VIEW,PARENT_ID,COMPET_QNA_TEXT) values (10,null,5,'2','답변: 대회 관련 문의',to_date('21/09/10','RR/MM/DD'),3,9,'이번 대회 경쟁률은 3.14입니다.');
Insert into COMPET_QNA (COMPET_QNA_ID,MEM_ID,COMPET_ID,ADMIN_ID,COMPET_QNA_TITLE,COMPET_QNA_DATE,COMPET_QNA_VIEW,PARENT_ID,COMPET_QNA_TEXT) values (12,null,6,'3','답변: 대회 관련 문의',to_date('21/09/10','RR/MM/DD'),3,11,'이번 대회 경쟁률은 3.14입니다.');
Insert into COMPET_QNA (COMPET_QNA_ID,MEM_ID,COMPET_ID,ADMIN_ID,COMPET_QNA_TITLE,COMPET_QNA_DATE,COMPET_QNA_VIEW,PARENT_ID,COMPET_QNA_TEXT) values (14,null,7,'1','답변: 대회 관련 문의',to_date('21/09/10','RR/MM/DD'),3,13,'이번 대회 경쟁률은 3.14입니다.');
Insert into COMPET_QNA (COMPET_QNA_ID,MEM_ID,COMPET_ID,ADMIN_ID,COMPET_QNA_TITLE,COMPET_QNA_DATE,COMPET_QNA_VIEW,PARENT_ID,COMPET_QNA_TEXT) values (16,null,8,'2','답변: 대회 관련 문의',to_date('21/09/10','RR/MM/DD'),3,15,'이번 대회 경쟁률은 3.14입니다.');
Insert into COMPET_QNA (COMPET_QNA_ID,MEM_ID,COMPET_ID,ADMIN_ID,COMPET_QNA_TITLE,COMPET_QNA_DATE,COMPET_QNA_VIEW,PARENT_ID,COMPET_QNA_TEXT) values (58,'20210904',1,null,'gg',to_date('21/10/06','RR/MM/DD'),5,0,'gg');
Insert into COMPET_QNA (COMPET_QNA_ID,MEM_ID,COMPET_ID,ADMIN_ID,COMPET_QNA_TITLE,COMPET_QNA_DATE,COMPET_QNA_VIEW,PARENT_ID,COMPET_QNA_TEXT) values (20,'20210907',1,null,'문의합니다 2',to_date('21/09/17','RR/MM/DD'),2,0,'궁금해요궁금');
Insert into COMPET_QNA (COMPET_QNA_ID,MEM_ID,COMPET_ID,ADMIN_ID,COMPET_QNA_TITLE,COMPET_QNA_DATE,COMPET_QNA_VIEW,PARENT_ID,COMPET_QNA_TEXT) values (47,null,1,'1','123',to_date('21/09/28','RR/MM/DD'),0,0,'123');
Insert into COMPET_QNA (COMPET_QNA_ID,MEM_ID,COMPET_ID,ADMIN_ID,COMPET_QNA_TITLE,COMPET_QNA_DATE,COMPET_QNA_VIEW,PARENT_ID,COMPET_QNA_TEXT) values (18,'20210907',1,null,'문의 ',to_date('21/09/17','RR/MM/DD'),3,0,'sad');
Insert into COMPET_QNA (COMPET_QNA_ID,MEM_ID,COMPET_ID,ADMIN_ID,COMPET_QNA_TITLE,COMPET_QNA_DATE,COMPET_QNA_VIEW,PARENT_ID,COMPET_QNA_TEXT) values (21,'20210907',1,null,'문의 합니다아아아',to_date('21/09/17','RR/MM/DD'),1,0,'문의문의');
Insert into COMPET_QNA (COMPET_QNA_ID,MEM_ID,COMPET_ID,ADMIN_ID,COMPET_QNA_TITLE,COMPET_QNA_DATE,COMPET_QNA_VIEW,PARENT_ID,COMPET_QNA_TEXT) values (22,'20210907',1,null,'문의 ',to_date('21/09/17','RR/MM/DD'),4,0,'문의가 필요해');
Insert into COMPET_QNA (COMPET_QNA_ID,MEM_ID,COMPET_ID,ADMIN_ID,COMPET_QNA_TITLE,COMPET_QNA_DATE,COMPET_QNA_VIEW,PARENT_ID,COMPET_QNA_TEXT) values (23,'20210907',1,null,'마지막 문의',to_date('21/09/23','RR/MM/DD'),5,0,'그랬으면 좋겠다
');
Insert into COMPET_QNA (COMPET_QNA_ID,MEM_ID,COMPET_ID,ADMIN_ID,COMPET_QNA_TITLE,COMPET_QNA_DATE,COMPET_QNA_VIEW,PARENT_ID,COMPET_QNA_TEXT) values (27,'20210827',1,null,' 대회 관련 문의',to_date('21/09/25','RR/MM/DD'),0,0,'ㅎㅎㅎㅎ안녕하세요 ㅎㅎㅎㅎ');
Insert into COMPET_QNA (COMPET_QNA_ID,MEM_ID,COMPET_ID,ADMIN_ID,COMPET_QNA_TITLE,COMPET_QNA_DATE,COMPET_QNA_VIEW,PARENT_ID,COMPET_QNA_TEXT) values (25,'20210907',1,null,'마지막 문의',to_date('21/09/23','RR/MM/DD'),3,0,'정말?');
Insert into COMPET_QNA (COMPET_QNA_ID,MEM_ID,COMPET_ID,ADMIN_ID,COMPET_QNA_TITLE,COMPET_QNA_DATE,COMPET_QNA_VIEW,PARENT_ID,COMPET_QNA_TEXT) values (26,'20210827',1,null,' 대회 관련 문의',to_date('21/09/25','RR/MM/DD'),0,0,'gggggg');
Insert into COMPET_QNA (COMPET_QNA_ID,MEM_ID,COMPET_ID,ADMIN_ID,COMPET_QNA_TITLE,COMPET_QNA_DATE,COMPET_QNA_VIEW,PARENT_ID,COMPET_QNA_TEXT) values (28,'20210827',1,null,'문의 g',to_date('21/09/25','RR/MM/DD'),0,0,'ggg');
Insert into COMPET_QNA (COMPET_QNA_ID,MEM_ID,COMPET_ID,ADMIN_ID,COMPET_QNA_TITLE,COMPET_QNA_DATE,COMPET_QNA_VIEW,PARENT_ID,COMPET_QNA_TEXT) values (29,'20210827',1,null,'첫 번째 문의 ',to_date('21/09/25','RR/MM/DD'),0,0,'첫 번째 문의  입니다.');
Insert into COMPET_QNA (COMPET_QNA_ID,MEM_ID,COMPET_ID,ADMIN_ID,COMPET_QNA_TITLE,COMPET_QNA_DATE,COMPET_QNA_VIEW,PARENT_ID,COMPET_QNA_TEXT) values (30,'20210827',1,null,'첫번째 문의',to_date('21/09/25','RR/MM/DD'),0,0,'첫번째 문의입니다');
Insert into COMPET_QNA (COMPET_QNA_ID,MEM_ID,COMPET_ID,ADMIN_ID,COMPET_QNA_TITLE,COMPET_QNA_DATE,COMPET_QNA_VIEW,PARENT_ID,COMPET_QNA_TEXT) values (31,'20210827',1,null,'첫번째 문의',to_date('21/09/25','RR/MM/DD'),0,0,'첫번째 문의입니다');
Insert into COMPET_QNA (COMPET_QNA_ID,MEM_ID,COMPET_ID,ADMIN_ID,COMPET_QNA_TITLE,COMPET_QNA_DATE,COMPET_QNA_VIEW,PARENT_ID,COMPET_QNA_TEXT) values (32,'20210827',1,null,'첫 번째 문의 ',to_date('21/09/25','RR/MM/DD'),0,0,'첫 번째 문의입니다.');
Insert into COMPET_QNA (COMPET_QNA_ID,MEM_ID,COMPET_ID,ADMIN_ID,COMPET_QNA_TITLE,COMPET_QNA_DATE,COMPET_QNA_VIEW,PARENT_ID,COMPET_QNA_TEXT) values (33,'20210827',1,null,'첫 번째 문의',to_date('21/09/25','RR/MM/DD'),0,0,'asd1234!');
Insert into COMPET_QNA (COMPET_QNA_ID,MEM_ID,COMPET_ID,ADMIN_ID,COMPET_QNA_TITLE,COMPET_QNA_DATE,COMPET_QNA_VIEW,PARENT_ID,COMPET_QNA_TEXT) values (34,'20210827',1,null,'첫 번째 문의',to_date('21/09/25','RR/MM/DD'),0,0,'asd1234!');
Insert into COMPET_QNA (COMPET_QNA_ID,MEM_ID,COMPET_ID,ADMIN_ID,COMPET_QNA_TITLE,COMPET_QNA_DATE,COMPET_QNA_VIEW,PARENT_ID,COMPET_QNA_TEXT) values (35,'20210827',1,null,'첫 번째 문의',to_date('21/09/25','RR/MM/DD'),0,0,'첫 번째 문의입니다.');
Insert into COMPET_QNA (COMPET_QNA_ID,MEM_ID,COMPET_ID,ADMIN_ID,COMPET_QNA_TITLE,COMPET_QNA_DATE,COMPET_QNA_VIEW,PARENT_ID,COMPET_QNA_TEXT) values (36,'20210827',1,null,'마지막 문의',to_date('21/09/25','RR/MM/DD'),0,0,'gg');
Insert into COMPET_QNA (COMPET_QNA_ID,MEM_ID,COMPET_ID,ADMIN_ID,COMPET_QNA_TITLE,COMPET_QNA_DATE,COMPET_QNA_VIEW,PARENT_ID,COMPET_QNA_TEXT) values (37,'20210904',1,null,'a',to_date('21/09/27','RR/MM/DD'),0,0,'a');
Insert into COMPET_QNA (COMPET_QNA_ID,MEM_ID,COMPET_ID,ADMIN_ID,COMPET_QNA_TITLE,COMPET_QNA_DATE,COMPET_QNA_VIEW,PARENT_ID,COMPET_QNA_TEXT) values (46,null,1,'1','123',to_date('21/09/28','RR/MM/DD'),0,0,'123');
Insert into COMPET_QNA (COMPET_QNA_ID,MEM_ID,COMPET_ID,ADMIN_ID,COMPET_QNA_TITLE,COMPET_QNA_DATE,COMPET_QNA_VIEW,PARENT_ID,COMPET_QNA_TEXT) values (51,'20210904',10,'1','문의 입니다',to_date('21/09/30','RR/MM/DD'),0,0,'문의~~~~~~~~');
Insert into COMPET_QNA (COMPET_QNA_ID,MEM_ID,COMPET_ID,ADMIN_ID,COMPET_QNA_TITLE,COMPET_QNA_DATE,COMPET_QNA_VIEW,PARENT_ID,COMPET_QNA_TEXT) values (45,'20210904',9,null,'a',to_date('21/09/27','RR/MM/DD'),0,0,'a');
Insert into COMPET_QNA (COMPET_QNA_ID,MEM_ID,COMPET_ID,ADMIN_ID,COMPET_QNA_TITLE,COMPET_QNA_DATE,COMPET_QNA_VIEW,PARENT_ID,COMPET_QNA_TEXT) values (49,null,1,'1','문의 답변입니다',to_date('21/09/30','RR/MM/DD'),0,18,'답변이요');
Insert into COMPET_QNA (COMPET_QNA_ID,MEM_ID,COMPET_ID,ADMIN_ID,COMPET_QNA_TITLE,COMPET_QNA_DATE,COMPET_QNA_VIEW,PARENT_ID,COMPET_QNA_TEXT) values (43,'20210827',9,null,' 대회 관련 문의',to_date('21/09/27','RR/MM/DD'),0,0,'ggggg');
Insert into COMPET_QNA (COMPET_QNA_ID,MEM_ID,COMPET_ID,ADMIN_ID,COMPET_QNA_TITLE,COMPET_QNA_DATE,COMPET_QNA_VIEW,PARENT_ID,COMPET_QNA_TEXT) values (44,'20210827',9,null,'9번째 대회 세번째 문의 ',to_date('21/09/27','RR/MM/DD'),0,0,'9번째 대회 세번째 문의입니다.');
Insert into COMPET_QNA (COMPET_QNA_ID,MEM_ID,COMPET_ID,ADMIN_ID,COMPET_QNA_TITLE,COMPET_QNA_DATE,COMPET_QNA_VIEW,PARENT_ID,COMPET_QNA_TEXT) values (50,null,9,'1','문의 ',to_date('21/09/30','RR/MM/DD'),0,0,'문의입니다');
Insert into COMPET_QNA (COMPET_QNA_ID,MEM_ID,COMPET_ID,ADMIN_ID,COMPET_QNA_TITLE,COMPET_QNA_DATE,COMPET_QNA_VIEW,PARENT_ID,COMPET_QNA_TEXT) values (52,'20210904',5,'1','대회 관련 문의 입니다',to_date('21/09/30','RR/MM/DD'),0,0,'답변 부탁합니다');
Insert into COMPET_QNA (COMPET_QNA_ID,MEM_ID,COMPET_ID,ADMIN_ID,COMPET_QNA_TITLE,COMPET_QNA_DATE,COMPET_QNA_VIEW,PARENT_ID,COMPET_QNA_TEXT) values (53,'20210904',6,'1','대회 관련 문의',to_date('21/09/30','RR/MM/DD'),0,0,'궁금');
Insert into COMPET_QNA (COMPET_QNA_ID,MEM_ID,COMPET_ID,ADMIN_ID,COMPET_QNA_TITLE,COMPET_QNA_DATE,COMPET_QNA_VIEW,PARENT_ID,COMPET_QNA_TEXT) values (54,null,10,'1','답변입니다',to_date('21/09/30','RR/MM/DD'),0,51,'문의 답변');
Insert into COMPET_QNA (COMPET_QNA_ID,MEM_ID,COMPET_ID,ADMIN_ID,COMPET_QNA_TITLE,COMPET_QNA_DATE,COMPET_QNA_VIEW,PARENT_ID,COMPET_QNA_TEXT) values (55,null,1,'1','gkgk',to_date('21/10/02','RR/MM/DD'),1,0,'gkgk');
Insert into COMPET_QNA (COMPET_QNA_ID,MEM_ID,COMPET_ID,ADMIN_ID,COMPET_QNA_TITLE,COMPET_QNA_DATE,COMPET_QNA_VIEW,PARENT_ID,COMPET_QNA_TEXT) values (56,'20210827',9,null,'알고리즘 경진대회 문의',to_date('21/10/04','RR/MM/DD'),0,0,'알고리즘 경진대회에 대해 궁금합니다!!');
Insert into COMPET_QNA (COMPET_QNA_ID,MEM_ID,COMPET_ID,ADMIN_ID,COMPET_QNA_TITLE,COMPET_QNA_DATE,COMPET_QNA_VIEW,PARENT_ID,COMPET_QNA_TEXT) values (57,null,1,'1','1212121212121212',to_date('21/10/06','RR/MM/DD'),0,21,'121212121121');
REM INSERTING into CONTENTS
SET DEFINE OFF;
Insert into CONTENTS (CONTENTS_ID,MEM_ID,COMPET_ID,CONTENTS_STATE,CONTENTS_PROCESSING_DATE,CONTENTS_REJECT_REASON,CONTENTS_VIEW,CONTENTS_NAME,CONTENTS_TEXT) values (1,'20210820',1,'승인',to_date('21/10/05','RR/MM/DD'),null,105,'삼성전자 알고리즘1',null);
Insert into CONTENTS (CONTENTS_ID,MEM_ID,COMPET_ID,CONTENTS_STATE,CONTENTS_PROCESSING_DATE,CONTENTS_REJECT_REASON,CONTENTS_VIEW,CONTENTS_NAME,CONTENTS_TEXT) values (2,'20210820',2,'승인',to_date('21/10/01','RR/MM/DD'),null,1,'중학생 알고리즘1',null);
Insert into CONTENTS (CONTENTS_ID,MEM_ID,COMPET_ID,CONTENTS_STATE,CONTENTS_PROCESSING_DATE,CONTENTS_REJECT_REASON,CONTENTS_VIEW,CONTENTS_NAME,CONTENTS_TEXT) values (3,'20210820',3,'제출완료',to_date('21/09/09','RR/MM/DD'),null,null,'제 3회 국민대학교 대회1',null);
Insert into CONTENTS (CONTENTS_ID,MEM_ID,COMPET_ID,CONTENTS_STATE,CONTENTS_PROCESSING_DATE,CONTENTS_REJECT_REASON,CONTENTS_VIEW,CONTENTS_NAME,CONTENTS_TEXT) values (4,'20210820',4,'승인',to_date('21/09/09','RR/MM/DD'),null,300,'동국대학교 프로그래밍 경진대회1',null);
Insert into CONTENTS (CONTENTS_ID,MEM_ID,COMPET_ID,CONTENTS_STATE,CONTENTS_PROCESSING_DATE,CONTENTS_REJECT_REASON,CONTENTS_VIEW,CONTENTS_NAME,CONTENTS_TEXT) values (5,'20210820',5,'승인',to_date('21/09/09','RR/MM/DD'),null,290,'미래에셋대우 빅데이터 분석 경진대회1',null);
Insert into CONTENTS (CONTENTS_ID,MEM_ID,COMPET_ID,CONTENTS_STATE,CONTENTS_PROCESSING_DATE,CONTENTS_REJECT_REASON,CONTENTS_VIEW,CONTENTS_NAME,CONTENTS_TEXT) values (6,'20210820',6,'승인',to_date('21/09/09','RR/MM/DD'),null,282,'해양 수산 빅데이터 분석 경진대회1',null);
Insert into CONTENTS (CONTENTS_ID,MEM_ID,COMPET_ID,CONTENTS_STATE,CONTENTS_PROCESSING_DATE,CONTENTS_REJECT_REASON,CONTENTS_VIEW,CONTENTS_NAME,CONTENTS_TEXT) values (7,'20210820',7,'승인',to_date('21/09/09','RR/MM/DD'),null,270,'금융 빅데이터 활용 아이디어 공모전1',null);
Insert into CONTENTS (CONTENTS_ID,MEM_ID,COMPET_ID,CONTENTS_STATE,CONTENTS_PROCESSING_DATE,CONTENTS_REJECT_REASON,CONTENTS_VIEW,CONTENTS_NAME,CONTENTS_TEXT) values (8,'20210820',8,'거절',to_date('21/09/09','RR/MM/DD'),'그냥조금그럼',null,'사이버 보안 빅데이터 활용 경진대회1',null);
Insert into CONTENTS (CONTENTS_ID,MEM_ID,COMPET_ID,CONTENTS_STATE,CONTENTS_PROCESSING_DATE,CONTENTS_REJECT_REASON,CONTENTS_VIEW,CONTENTS_NAME,CONTENTS_TEXT) values (9,'20210821',2,'거절',to_date('21/10/01','RR/MM/DD'),'맘에 안듬',null,'중학생 알고리즘 경진대회2',null);
Insert into CONTENTS (CONTENTS_ID,MEM_ID,COMPET_ID,CONTENTS_STATE,CONTENTS_PROCESSING_DATE,CONTENTS_REJECT_REASON,CONTENTS_VIEW,CONTENTS_NAME,CONTENTS_TEXT) values (10,'20210821',3,'제출완료',to_date('21/09/09','RR/MM/DD'),null,null,'제 3회 국민대학교 알고리즘 대회2',null);
Insert into CONTENTS (CONTENTS_ID,MEM_ID,COMPET_ID,CONTENTS_STATE,CONTENTS_PROCESSING_DATE,CONTENTS_REJECT_REASON,CONTENTS_VIEW,CONTENTS_NAME,CONTENTS_TEXT) values (11,'20210821',4,'제출완료',to_date('21/09/09','RR/MM/DD'),null,null,'동국대학교 프로그래밍 경진대회2',null);
Insert into CONTENTS (CONTENTS_ID,MEM_ID,COMPET_ID,CONTENTS_STATE,CONTENTS_PROCESSING_DATE,CONTENTS_REJECT_REASON,CONTENTS_VIEW,CONTENTS_NAME,CONTENTS_TEXT) values (12,'20210821',5,'승인',to_date('21/09/09','RR/MM/DD'),null,260,'미래에셋대우 빅데이터 분석 경진대회2',null);
Insert into CONTENTS (CONTENTS_ID,MEM_ID,COMPET_ID,CONTENTS_STATE,CONTENTS_PROCESSING_DATE,CONTENTS_REJECT_REASON,CONTENTS_VIEW,CONTENTS_NAME,CONTENTS_TEXT) values (13,'20210821',6,'승인',to_date('21/09/09','RR/MM/DD'),null,250,'해양수산 빅데이터 분석 경진대회2',null);
Insert into CONTENTS (CONTENTS_ID,MEM_ID,COMPET_ID,CONTENTS_STATE,CONTENTS_PROCESSING_DATE,CONTENTS_REJECT_REASON,CONTENTS_VIEW,CONTENTS_NAME,CONTENTS_TEXT) values (14,'20210821',7,'승인',to_date('21/09/09','RR/MM/DD'),null,240,'금융 빅데이터 활용 아이디어 공모전2',null);
Insert into CONTENTS (CONTENTS_ID,MEM_ID,COMPET_ID,CONTENTS_STATE,CONTENTS_PROCESSING_DATE,CONTENTS_REJECT_REASON,CONTENTS_VIEW,CONTENTS_NAME,CONTENTS_TEXT) values (15,'20210821',8,'승인',to_date('21/09/09','RR/MM/DD'),null,230,'사이버보안 빅데이터 활용 경진대회2',null);
Insert into CONTENTS (CONTENTS_ID,MEM_ID,COMPET_ID,CONTENTS_STATE,CONTENTS_PROCESSING_DATE,CONTENTS_REJECT_REASON,CONTENTS_VIEW,CONTENTS_NAME,CONTENTS_TEXT) values (16,'20210821',1,'거절',to_date('21/09/09','RR/MM/DD'),'조금그럼',null,'삼성전자 알고리즘 대회2',null);
Insert into CONTENTS (CONTENTS_ID,MEM_ID,COMPET_ID,CONTENTS_STATE,CONTENTS_PROCESSING_DATE,CONTENTS_REJECT_REASON,CONTENTS_VIEW,CONTENTS_NAME,CONTENTS_TEXT) values (17,'20210822',3,'제출완료',to_date('21/09/09','RR/MM/DD'),null,null,'제 3회 국민대학교 알고리즘 대회3',null);
Insert into CONTENTS (CONTENTS_ID,MEM_ID,COMPET_ID,CONTENTS_STATE,CONTENTS_PROCESSING_DATE,CONTENTS_REJECT_REASON,CONTENTS_VIEW,CONTENTS_NAME,CONTENTS_TEXT) values (18,'20210822',4,'제출완료',to_date('21/09/09','RR/MM/DD'),null,null,'동국대학교 프로그래밍 경진대회3',null);
Insert into CONTENTS (CONTENTS_ID,MEM_ID,COMPET_ID,CONTENTS_STATE,CONTENTS_PROCESSING_DATE,CONTENTS_REJECT_REASON,CONTENTS_VIEW,CONTENTS_NAME,CONTENTS_TEXT) values (19,'20210822',5,'제출완료',to_date('21/09/09','RR/MM/DD'),null,null,'미래에셋대우 빅데이터 분석 경진대회3',null);
Insert into CONTENTS (CONTENTS_ID,MEM_ID,COMPET_ID,CONTENTS_STATE,CONTENTS_PROCESSING_DATE,CONTENTS_REJECT_REASON,CONTENTS_VIEW,CONTENTS_NAME,CONTENTS_TEXT) values (20,'20210822',6,'승인',to_date('21/09/09','RR/MM/DD'),null,220,'해양수산 빅데이터 분석 경진대회3',null);
Insert into CONTENTS (CONTENTS_ID,MEM_ID,COMPET_ID,CONTENTS_STATE,CONTENTS_PROCESSING_DATE,CONTENTS_REJECT_REASON,CONTENTS_VIEW,CONTENTS_NAME,CONTENTS_TEXT) values (21,'20210822',7,'승인',to_date('21/09/09','RR/MM/DD'),null,210,'금융 빅데이터 활용 아이디어 공모전3',null);
Insert into CONTENTS (CONTENTS_ID,MEM_ID,COMPET_ID,CONTENTS_STATE,CONTENTS_PROCESSING_DATE,CONTENTS_REJECT_REASON,CONTENTS_VIEW,CONTENTS_NAME,CONTENTS_TEXT) values (22,'20210822',8,'승인',to_date('21/09/09','RR/MM/DD'),null,200,'사이버보안 빅데이터 활용 경진대회3',null);
Insert into CONTENTS (CONTENTS_ID,MEM_ID,COMPET_ID,CONTENTS_STATE,CONTENTS_PROCESSING_DATE,CONTENTS_REJECT_REASON,CONTENTS_VIEW,CONTENTS_NAME,CONTENTS_TEXT) values (23,'20210822',1,'승인',to_date('21/09/09','RR/MM/DD'),null,284,'삼성전자 알고리즘 대회3',null);
Insert into CONTENTS (CONTENTS_ID,MEM_ID,COMPET_ID,CONTENTS_STATE,CONTENTS_PROCESSING_DATE,CONTENTS_REJECT_REASON,CONTENTS_VIEW,CONTENTS_NAME,CONTENTS_TEXT) values (24,'20210822',2,'거절',to_date('21/09/09','RR/MM/DD'),'주제부적합',null,'중학생 알고리즘 경진대회3',null);
Insert into CONTENTS (CONTENTS_ID,MEM_ID,COMPET_ID,CONTENTS_STATE,CONTENTS_PROCESSING_DATE,CONTENTS_REJECT_REASON,CONTENTS_VIEW,CONTENTS_NAME,CONTENTS_TEXT) values (25,'20210823',4,'제출완료',to_date('21/09/09','RR/MM/DD'),null,null,'동국대학교 프로그래밍 경진대회4',null);
Insert into CONTENTS (CONTENTS_ID,MEM_ID,COMPET_ID,CONTENTS_STATE,CONTENTS_PROCESSING_DATE,CONTENTS_REJECT_REASON,CONTENTS_VIEW,CONTENTS_NAME,CONTENTS_TEXT) values (26,'20210823',5,'제출완료',to_date('21/09/09','RR/MM/DD'),null,null,'미래에셋대우 빅데이터 분석 경진대회4',null);
Insert into CONTENTS (CONTENTS_ID,MEM_ID,COMPET_ID,CONTENTS_STATE,CONTENTS_PROCESSING_DATE,CONTENTS_REJECT_REASON,CONTENTS_VIEW,CONTENTS_NAME,CONTENTS_TEXT) values (27,'20210823',6,'제출완료',to_date('21/09/09','RR/MM/DD'),null,null,'해양수산 빅데이터 분석 경진대회4',null);
Insert into CONTENTS (CONTENTS_ID,MEM_ID,COMPET_ID,CONTENTS_STATE,CONTENTS_PROCESSING_DATE,CONTENTS_REJECT_REASON,CONTENTS_VIEW,CONTENTS_NAME,CONTENTS_TEXT) values (28,'20210823',7,'승인',to_date('21/09/09','RR/MM/DD'),null,180,'금융 빅데이터 활용 아이디어 공모전4',null);
Insert into CONTENTS (CONTENTS_ID,MEM_ID,COMPET_ID,CONTENTS_STATE,CONTENTS_PROCESSING_DATE,CONTENTS_REJECT_REASON,CONTENTS_VIEW,CONTENTS_NAME,CONTENTS_TEXT) values (30,'20210823',1,'승인',to_date('21/09/09','RR/MM/DD'),null,178,'삼성전자 알고리즘 대회4',null);
Insert into CONTENTS (CONTENTS_ID,MEM_ID,COMPET_ID,CONTENTS_STATE,CONTENTS_PROCESSING_DATE,CONTENTS_REJECT_REASON,CONTENTS_VIEW,CONTENTS_NAME,CONTENTS_TEXT) values (31,'20210823',2,'승인',to_date('21/09/09','RR/MM/DD'),null,150,'중학생 알고리즘 경진대회4',null);
Insert into CONTENTS (CONTENTS_ID,MEM_ID,COMPET_ID,CONTENTS_STATE,CONTENTS_PROCESSING_DATE,CONTENTS_REJECT_REASON,CONTENTS_VIEW,CONTENTS_NAME,CONTENTS_TEXT) values (34,'20210824',6,'제출완료',to_date('21/09/09','RR/MM/DD'),null,null,'해양수산 빅데이터 분석 경진대회5',null);
Insert into CONTENTS (CONTENTS_ID,MEM_ID,COMPET_ID,CONTENTS_STATE,CONTENTS_PROCESSING_DATE,CONTENTS_REJECT_REASON,CONTENTS_VIEW,CONTENTS_NAME,CONTENTS_TEXT) values (36,'20210824',8,'승인',to_date('21/09/09','RR/MM/DD'),null,140,'사이버보안 빅데이터 활용 경진대회5',null);
Insert into CONTENTS (CONTENTS_ID,MEM_ID,COMPET_ID,CONTENTS_STATE,CONTENTS_PROCESSING_DATE,CONTENTS_REJECT_REASON,CONTENTS_VIEW,CONTENTS_NAME,CONTENTS_TEXT) values (39,'20210824',3,'승인',to_date('21/09/09','RR/MM/DD'),null,110,'제 3회 국민대학교 알고리즘 대회5',null);
Insert into CONTENTS (CONTENTS_ID,MEM_ID,COMPET_ID,CONTENTS_STATE,CONTENTS_PROCESSING_DATE,CONTENTS_REJECT_REASON,CONTENTS_VIEW,CONTENTS_NAME,CONTENTS_TEXT) values (41,'20210825',6,'제출완료',to_date('21/09/09','RR/MM/DD'),null,null,'해양수산 빅데이터 분석 경진대회6',null);
Insert into CONTENTS (CONTENTS_ID,MEM_ID,COMPET_ID,CONTENTS_STATE,CONTENTS_PROCESSING_DATE,CONTENTS_REJECT_REASON,CONTENTS_VIEW,CONTENTS_NAME,CONTENTS_TEXT) values (44,'20210825',1,'승인',to_date('21/09/09','RR/MM/DD'),null,130,'삼성전자 알고리즘 대회6',null);
Insert into CONTENTS (CONTENTS_ID,MEM_ID,COMPET_ID,CONTENTS_STATE,CONTENTS_PROCESSING_DATE,CONTENTS_REJECT_REASON,CONTENTS_VIEW,CONTENTS_NAME,CONTENTS_TEXT) values (45,'20210825',2,'승인',to_date('21/09/09','RR/MM/DD'),null,90,'중학생 알고리즘 경진대회6',null);
Insert into CONTENTS (CONTENTS_ID,MEM_ID,COMPET_ID,CONTENTS_STATE,CONTENTS_PROCESSING_DATE,CONTENTS_REJECT_REASON,CONTENTS_VIEW,CONTENTS_NAME,CONTENTS_TEXT) values (48,'20210825',5,'거절',to_date('21/09/09','RR/MM/DD'),'주제부적합',null,'미래에셋대우 빅데이터 분석 경진대회6',null);
Insert into CONTENTS (CONTENTS_ID,MEM_ID,COMPET_ID,CONTENTS_STATE,CONTENTS_PROCESSING_DATE,CONTENTS_REJECT_REASON,CONTENTS_VIEW,CONTENTS_NAME,CONTENTS_TEXT) values (51,'20210826',1,'제출완료',to_date('21/09/09','RR/MM/DD'),null,null,'삼성전자 알고리즘 대회7',null);
Insert into CONTENTS (CONTENTS_ID,MEM_ID,COMPET_ID,CONTENTS_STATE,CONTENTS_PROCESSING_DATE,CONTENTS_REJECT_REASON,CONTENTS_VIEW,CONTENTS_NAME,CONTENTS_TEXT) values (53,'20210826',3,'승인',to_date('21/09/09','RR/MM/DD'),null,50,'제 3회 국민대학교 알고리즘 대회7',null);
Insert into CONTENTS (CONTENTS_ID,MEM_ID,COMPET_ID,CONTENTS_STATE,CONTENTS_PROCESSING_DATE,CONTENTS_REJECT_REASON,CONTENTS_VIEW,CONTENTS_NAME,CONTENTS_TEXT) values (56,'20210826',6,'거절',to_date('21/09/09','RR/MM/DD'),'주제부적합',null,'미래에셋대우 빅',null);
Insert into CONTENTS (CONTENTS_ID,MEM_ID,COMPET_ID,CONTENTS_STATE,CONTENTS_PROCESSING_DATE,CONTENTS_REJECT_REASON,CONTENTS_VIEW,CONTENTS_NAME,CONTENTS_TEXT) values (58,'20210827',1,'제출완료',to_date('21/09/09','RR/MM/DD'),null,null,'삼성전자 알고리즘 대회8',null);
Insert into CONTENTS (CONTENTS_ID,MEM_ID,COMPET_ID,CONTENTS_STATE,CONTENTS_PROCESSING_DATE,CONTENTS_REJECT_REASON,CONTENTS_VIEW,CONTENTS_NAME,CONTENTS_TEXT) values (61,'20210827',4,'승인',to_date('21/09/09','RR/MM/DD'),null,10,'동국대학교 프로그래밍 경진대회8',null);
Insert into CONTENTS (CONTENTS_ID,MEM_ID,COMPET_ID,CONTENTS_STATE,CONTENTS_PROCESSING_DATE,CONTENTS_REJECT_REASON,CONTENTS_VIEW,CONTENTS_NAME,CONTENTS_TEXT) values (63,'20210827',6,'승인',to_date('21/09/09','RR/MM/DD'),null,30,'해양수산 빅데이터 분석 경진대회8',null);
Insert into CONTENTS (CONTENTS_ID,MEM_ID,COMPET_ID,CONTENTS_STATE,CONTENTS_PROCESSING_DATE,CONTENTS_REJECT_REASON,CONTENTS_VIEW,CONTENTS_NAME,CONTENTS_TEXT) values (65,'20210828',1,'제출완료',to_date('21/09/09','RR/MM/DD'),null,null,'삼성전자 알고리즘 대회9',null);
Insert into CONTENTS (CONTENTS_ID,MEM_ID,COMPET_ID,CONTENTS_STATE,CONTENTS_PROCESSING_DATE,CONTENTS_REJECT_REASON,CONTENTS_VIEW,CONTENTS_NAME,CONTENTS_TEXT) values (68,'20210828',4,'승인',to_date('21/09/09','RR/MM/DD'),null,40,'동국대학교 프로그래밍 경진대회9',null);
Insert into CONTENTS (CONTENTS_ID,MEM_ID,COMPET_ID,CONTENTS_STATE,CONTENTS_PROCESSING_DATE,CONTENTS_REJECT_REASON,CONTENTS_VIEW,CONTENTS_NAME,CONTENTS_TEXT) values (70,'20210828',6,'승인',to_date('21/09/09','RR/MM/DD'),null,60,'해양수산 빅데이터 분석 경진대회9',null);
Insert into CONTENTS (CONTENTS_ID,MEM_ID,COMPET_ID,CONTENTS_STATE,CONTENTS_PROCESSING_DATE,CONTENTS_REJECT_REASON,CONTENTS_VIEW,CONTENTS_NAME,CONTENTS_TEXT) values (73,'20210829',2,'승인',to_date('21/10/01','RR/MM/DD'),null,0,'중학생 알고리즘 경진대회10',null);
Insert into CONTENTS (CONTENTS_ID,MEM_ID,COMPET_ID,CONTENTS_STATE,CONTENTS_PROCESSING_DATE,CONTENTS_REJECT_REASON,CONTENTS_VIEW,CONTENTS_NAME,CONTENTS_TEXT) values (75,'20210829',4,'제출완료',to_date('21/09/09','RR/MM/DD'),null,null,'동국대학교 프로그래밍 경진대회10',null);
Insert into CONTENTS (CONTENTS_ID,MEM_ID,COMPET_ID,CONTENTS_STATE,CONTENTS_PROCESSING_DATE,CONTENTS_REJECT_REASON,CONTENTS_VIEW,CONTENTS_NAME,CONTENTS_TEXT) values (77,'20210829',6,'승인',to_date('21/09/09','RR/MM/DD'),null,90,'해양수산 빅데이터 분석 경진대회10',null);
Insert into CONTENTS (CONTENTS_ID,MEM_ID,COMPET_ID,CONTENTS_STATE,CONTENTS_PROCESSING_DATE,CONTENTS_REJECT_REASON,CONTENTS_VIEW,CONTENTS_NAME,CONTENTS_TEXT) values (80,'20210829',1,'거절',to_date('21/09/09','RR/MM/DD'),'주제부적합',null,'삼성전자 알고리즘 대회10',null);
Insert into CONTENTS (CONTENTS_ID,MEM_ID,COMPET_ID,CONTENTS_STATE,CONTENTS_PROCESSING_DATE,CONTENTS_REJECT_REASON,CONTENTS_VIEW,CONTENTS_NAME,CONTENTS_TEXT) values (82,'20210830',4,'제출완료',to_date('21/09/09','RR/MM/DD'),null,null,'동국대학교 프로그래밍 경진대회11',null);
Insert into CONTENTS (CONTENTS_ID,MEM_ID,COMPET_ID,CONTENTS_STATE,CONTENTS_PROCESSING_DATE,CONTENTS_REJECT_REASON,CONTENTS_VIEW,CONTENTS_NAME,CONTENTS_TEXT) values (85,'20210830',7,'승인',to_date('21/09/09','RR/MM/DD'),null,130,'금융 빅데이터 활용 아이디어 공모전11',null);
Insert into CONTENTS (CONTENTS_ID,MEM_ID,COMPET_ID,CONTENTS_STATE,CONTENTS_PROCESSING_DATE,CONTENTS_REJECT_REASON,CONTENTS_VIEW,CONTENTS_NAME,CONTENTS_TEXT) values (87,'20210830',1,'승인',to_date('21/09/09','RR/MM/DD'),null,159,'삼성전자 알고리즘 대회11',null);
Insert into CONTENTS (CONTENTS_ID,MEM_ID,COMPET_ID,CONTENTS_STATE,CONTENTS_PROCESSING_DATE,CONTENTS_REJECT_REASON,CONTENTS_VIEW,CONTENTS_NAME,CONTENTS_TEXT) values (89,'20210831',3,'제출완료',to_date('21/09/09','RR/MM/DD'),null,null,'제 3회 국민대학교 알고리즘 대회12',null);
Insert into CONTENTS (CONTENTS_ID,MEM_ID,COMPET_ID,CONTENTS_STATE,CONTENTS_PROCESSING_DATE,CONTENTS_REJECT_REASON,CONTENTS_VIEW,CONTENTS_NAME,CONTENTS_TEXT) values (92,'20210831',6,'승인',to_date('21/09/09','RR/MM/DD'),null,160,'해양수산 빅데이터 분석 경진대회12',null);
Insert into CONTENTS (CONTENTS_ID,MEM_ID,COMPET_ID,CONTENTS_STATE,CONTENTS_PROCESSING_DATE,CONTENTS_REJECT_REASON,CONTENTS_VIEW,CONTENTS_NAME,CONTENTS_TEXT) values (94,'20210831',8,'승인',to_date('21/09/09','RR/MM/DD'),null,180,'사이버보안 빅데이터 활용 경진대회12',null);
Insert into CONTENTS (CONTENTS_ID,MEM_ID,COMPET_ID,CONTENTS_STATE,CONTENTS_PROCESSING_DATE,CONTENTS_REJECT_REASON,CONTENTS_VIEW,CONTENTS_NAME,CONTENTS_TEXT) values (97,'20210901',4,'제출완료',to_date('21/09/09','RR/MM/DD'),null,null,'동국대학교 프로그래밍 경진대회13',null);
Insert into CONTENTS (CONTENTS_ID,MEM_ID,COMPET_ID,CONTENTS_STATE,CONTENTS_PROCESSING_DATE,CONTENTS_REJECT_REASON,CONTENTS_VIEW,CONTENTS_NAME,CONTENTS_TEXT) values (99,'20210901',6,'제출완료',to_date('21/09/09','RR/MM/DD'),null,null,'해양수산 빅데이터 분석 경진대회13',null);
Insert into CONTENTS (CONTENTS_ID,MEM_ID,COMPET_ID,CONTENTS_STATE,CONTENTS_PROCESSING_DATE,CONTENTS_REJECT_REASON,CONTENTS_VIEW,CONTENTS_NAME,CONTENTS_TEXT) values (102,'20210901',1,'승인',to_date('21/09/09','RR/MM/DD'),null,222,'삼성전자 알고리즘 대회13',null);
Insert into CONTENTS (CONTENTS_ID,MEM_ID,COMPET_ID,CONTENTS_STATE,CONTENTS_PROCESSING_DATE,CONTENTS_REJECT_REASON,CONTENTS_VIEW,CONTENTS_NAME,CONTENTS_TEXT) values (104,'20210901',3,'거절',to_date('21/09/09','RR/MM/DD'),'주제부적합',null,'중학생아님',null);
Insert into CONTENTS (CONTENTS_ID,MEM_ID,COMPET_ID,CONTENTS_STATE,CONTENTS_PROCESSING_DATE,CONTENTS_REJECT_REASON,CONTENTS_VIEW,CONTENTS_NAME,CONTENTS_TEXT) values (106,'20210902',6,'제출완료',to_date('21/09/09','RR/MM/DD'),null,null,'해양수산 빅데이터 분석 경진대회14',null);
Insert into CONTENTS (CONTENTS_ID,MEM_ID,COMPET_ID,CONTENTS_STATE,CONTENTS_PROCESSING_DATE,CONTENTS_REJECT_REASON,CONTENTS_VIEW,CONTENTS_NAME,CONTENTS_TEXT) values (109,'20210902',1,'승인',to_date('21/09/09','RR/MM/DD'),null,252,'삼성전자 알고리즘 대회14',null);
Insert into CONTENTS (CONTENTS_ID,MEM_ID,COMPET_ID,CONTENTS_STATE,CONTENTS_PROCESSING_DATE,CONTENTS_REJECT_REASON,CONTENTS_VIEW,CONTENTS_NAME,CONTENTS_TEXT) values (111,'20210902',3,'승인',to_date('21/09/09','RR/MM/DD'),null,270,'제 3회 국민대학교 알고리즘 대회14',null);
Insert into CONTENTS (CONTENTS_ID,MEM_ID,COMPET_ID,CONTENTS_STATE,CONTENTS_PROCESSING_DATE,CONTENTS_REJECT_REASON,CONTENTS_VIEW,CONTENTS_NAME,CONTENTS_TEXT) values (113,'20210903',6,'제출완료',to_date('21/09/09','RR/MM/DD'),null,null,'해양수산 빅데이터 분석 경진대회15',null);
Insert into CONTENTS (CONTENTS_ID,MEM_ID,COMPET_ID,CONTENTS_STATE,CONTENTS_PROCESSING_DATE,CONTENTS_REJECT_REASON,CONTENTS_VIEW,CONTENTS_NAME,CONTENTS_TEXT) values (116,'20210903',1,'승인',to_date('21/09/09','RR/MM/DD'),null,285,'삼성전자 알고리즘 대회15',null);
Insert into CONTENTS (CONTENTS_ID,MEM_ID,COMPET_ID,CONTENTS_STATE,CONTENTS_PROCESSING_DATE,CONTENTS_REJECT_REASON,CONTENTS_VIEW,CONTENTS_NAME,CONTENTS_TEXT) values (117,'20210903',2,'승인',to_date('21/09/09','RR/MM/DD'),null,290,'중학생 알고리즘 경진대회15',null);
Insert into CONTENTS (CONTENTS_ID,MEM_ID,COMPET_ID,CONTENTS_STATE,CONTENTS_PROCESSING_DATE,CONTENTS_REJECT_REASON,CONTENTS_VIEW,CONTENTS_NAME,CONTENTS_TEXT) values (120,'20210903',5,'거절',to_date('21/09/09','RR/MM/DD'),'주제부적합',null,'동국대',null);
Insert into CONTENTS (CONTENTS_ID,MEM_ID,COMPET_ID,CONTENTS_STATE,CONTENTS_PROCESSING_DATE,CONTENTS_REJECT_REASON,CONTENTS_VIEW,CONTENTS_NAME,CONTENTS_TEXT) values (123,'20210904',1,'제출완료',to_date('21/09/09','RR/MM/DD'),null,null,'삼성전자 알고리즘 대회16',null);
Insert into CONTENTS (CONTENTS_ID,MEM_ID,COMPET_ID,CONTENTS_STATE,CONTENTS_PROCESSING_DATE,CONTENTS_REJECT_REASON,CONTENTS_VIEW,CONTENTS_NAME,CONTENTS_TEXT) values (124,'20210904',2,'승인',to_date('21/09/09','RR/MM/DD'),null,280,'중학생 알고리즘 경진대회16',null);
Insert into CONTENTS (CONTENTS_ID,MEM_ID,COMPET_ID,CONTENTS_STATE,CONTENTS_PROCESSING_DATE,CONTENTS_REJECT_REASON,CONTENTS_VIEW,CONTENTS_NAME,CONTENTS_TEXT) values (127,'20210904',5,'승인',to_date('21/09/09','RR/MM/DD'),null,250,'미래에셋대우 빅데이터 분석 경진대회16',null);
Insert into CONTENTS (CONTENTS_ID,MEM_ID,COMPET_ID,CONTENTS_STATE,CONTENTS_PROCESSING_DATE,CONTENTS_REJECT_REASON,CONTENTS_VIEW,CONTENTS_NAME,CONTENTS_TEXT) values (129,'20210905',1,'제출완료',to_date('21/09/09','RR/MM/DD'),null,null,'삼성전자 알고리즘 대회17',null);
Insert into CONTENTS (CONTENTS_ID,MEM_ID,COMPET_ID,CONTENTS_STATE,CONTENTS_PROCESSING_DATE,CONTENTS_REJECT_REASON,CONTENTS_VIEW,CONTENTS_NAME,CONTENTS_TEXT) values (131,'20210905',3,'제출완료',to_date('21/09/09','RR/MM/DD'),null,null,'제 3회 국민대학교 알고리즘 대회17',null);
Insert into CONTENTS (CONTENTS_ID,MEM_ID,COMPET_ID,CONTENTS_STATE,CONTENTS_PROCESSING_DATE,CONTENTS_REJECT_REASON,CONTENTS_VIEW,CONTENTS_NAME,CONTENTS_TEXT) values (134,'20210905',6,'승인',to_date('21/09/09','RR/MM/DD'),null,220,'해양수산 빅데이터 분석 경진대회17',null);
Insert into CONTENTS (CONTENTS_ID,MEM_ID,COMPET_ID,CONTENTS_STATE,CONTENTS_PROCESSING_DATE,CONTENTS_REJECT_REASON,CONTENTS_VIEW,CONTENTS_NAME,CONTENTS_TEXT) values (137,'20210906',2,'제출완료',to_date('21/09/09','RR/MM/DD'),null,null,'중학생 알고리즘18',null);
Insert into CONTENTS (CONTENTS_ID,MEM_ID,COMPET_ID,CONTENTS_STATE,CONTENTS_PROCESSING_DATE,CONTENTS_REJECT_REASON,CONTENTS_VIEW,CONTENTS_NAME,CONTENTS_TEXT) values (138,'20210906',3,'제출완료',to_date('21/09/09','RR/MM/DD'),null,null,'제 3회 국민대학교 알고리즘 대회18',null);
Insert into CONTENTS (CONTENTS_ID,MEM_ID,COMPET_ID,CONTENTS_STATE,CONTENTS_PROCESSING_DATE,CONTENTS_REJECT_REASON,CONTENTS_VIEW,CONTENTS_NAME,CONTENTS_TEXT) values (141,'20210906',6,'승인',to_date('21/09/09','RR/MM/DD'),null,190,'해양수산 빅데이터 분석 경진대회18',null);
Insert into CONTENTS (CONTENTS_ID,MEM_ID,COMPET_ID,CONTENTS_STATE,CONTENTS_PROCESSING_DATE,CONTENTS_REJECT_REASON,CONTENTS_VIEW,CONTENTS_NAME,CONTENTS_TEXT) values (143,'20210906',8,'승인',to_date('21/09/09','RR/MM/DD'),null,170,'사이버보안 빅데이터 활용 경진대회18',null);
Insert into CONTENTS (CONTENTS_ID,MEM_ID,COMPET_ID,CONTENTS_STATE,CONTENTS_PROCESSING_DATE,CONTENTS_REJECT_REASON,CONTENTS_VIEW,CONTENTS_NAME,CONTENTS_TEXT) values (146,'20210907',4,'제출완료',to_date('21/09/09','RR/MM/DD'),null,null,'동국대학교 프로그래밍 경진대회19',null);
Insert into CONTENTS (CONTENTS_ID,MEM_ID,COMPET_ID,CONTENTS_STATE,CONTENTS_PROCESSING_DATE,CONTENTS_REJECT_REASON,CONTENTS_VIEW,CONTENTS_NAME,CONTENTS_TEXT) values (148,'20210907',6,'승인',to_date('21/09/09','RR/MM/DD'),null,160,'해양수산 빅데이터 분석 경진대회19',null);
Insert into CONTENTS (CONTENTS_ID,MEM_ID,COMPET_ID,CONTENTS_STATE,CONTENTS_PROCESSING_DATE,CONTENTS_REJECT_REASON,CONTENTS_VIEW,CONTENTS_NAME,CONTENTS_TEXT) values (151,'20210907',1,'승인',to_date('21/09/09','RR/MM/DD'),null,57,'환경사랑삼성전자 알고리즘 대회19',null);
Insert into CONTENTS (CONTENTS_ID,MEM_ID,COMPET_ID,CONTENTS_STATE,CONTENTS_PROCESSING_DATE,CONTENTS_REJECT_REASON,CONTENTS_VIEW,CONTENTS_NAME,CONTENTS_TEXT) values (152,'20210907',2,'거절',to_date('21/09/09','RR/MM/DD'),'주제부적합',null,'삼성전자 알고',null);
Insert into CONTENTS (CONTENTS_ID,MEM_ID,COMPET_ID,CONTENTS_STATE,CONTENTS_PROCESSING_DATE,CONTENTS_REJECT_REASON,CONTENTS_VIEW,CONTENTS_NAME,CONTENTS_TEXT) values (155,'20210908',6,'제출완료',to_date('21/09/09','RR/MM/DD'),null,null,'해양수산 빅데이터 분석 경진대회20',null);
Insert into CONTENTS (CONTENTS_ID,MEM_ID,COMPET_ID,CONTENTS_STATE,CONTENTS_PROCESSING_DATE,CONTENTS_REJECT_REASON,CONTENTS_VIEW,CONTENTS_NAME,CONTENTS_TEXT) values (157,'20210908',8,'승인',to_date('21/09/09','RR/MM/DD'),null,110,'사이버보안 빅데이터 활용 경진대회20',null);
Insert into CONTENTS (CONTENTS_ID,MEM_ID,COMPET_ID,CONTENTS_STATE,CONTENTS_PROCESSING_DATE,CONTENTS_REJECT_REASON,CONTENTS_VIEW,CONTENTS_NAME,CONTENTS_TEXT) values (160,'20210908',3,'거절',to_date('21/09/09','RR/MM/DD'),'주제부적합',null,'중학생 알고리즘 경',null);
Insert into CONTENTS (CONTENTS_ID,MEM_ID,COMPET_ID,CONTENTS_STATE,CONTENTS_PROCESSING_DATE,CONTENTS_REJECT_REASON,CONTENTS_VIEW,CONTENTS_NAME,CONTENTS_TEXT) values (29,'20210823',8,'승인',to_date('21/09/09','RR/MM/DD'),null,170,'사이버보안 빅데이터 활용 경진대회4',null);
Insert into CONTENTS (CONTENTS_ID,MEM_ID,COMPET_ID,CONTENTS_STATE,CONTENTS_PROCESSING_DATE,CONTENTS_REJECT_REASON,CONTENTS_VIEW,CONTENTS_NAME,CONTENTS_TEXT) values (32,'20210823',3,'거절',to_date('21/09/09','RR/MM/DD'),'주제부적합',null,'제 3회 국민대학교 알고리즘 대회4',null);
Insert into CONTENTS (CONTENTS_ID,MEM_ID,COMPET_ID,CONTENTS_STATE,CONTENTS_PROCESSING_DATE,CONTENTS_REJECT_REASON,CONTENTS_VIEW,CONTENTS_NAME,CONTENTS_TEXT) values (33,'20210824',5,'제출완료',to_date('21/09/09','RR/MM/DD'),null,null,'미래에셋대우 빅데이터 분석 경진대회5',null);
Insert into CONTENTS (CONTENTS_ID,MEM_ID,COMPET_ID,CONTENTS_STATE,CONTENTS_PROCESSING_DATE,CONTENTS_REJECT_REASON,CONTENTS_VIEW,CONTENTS_NAME,CONTENTS_TEXT) values (35,'20210824',7,'제출완료',to_date('21/09/09','RR/MM/DD'),null,null,'금융 빅데이터 활용 아이디어 공모전5',null);
Insert into CONTENTS (CONTENTS_ID,MEM_ID,COMPET_ID,CONTENTS_STATE,CONTENTS_PROCESSING_DATE,CONTENTS_REJECT_REASON,CONTENTS_VIEW,CONTENTS_NAME,CONTENTS_TEXT) values (37,'20210824',1,'승인',to_date('21/09/09','RR/MM/DD'),null,131,'삼성전자 알고리즘 대회5',null);
Insert into CONTENTS (CONTENTS_ID,MEM_ID,COMPET_ID,CONTENTS_STATE,CONTENTS_PROCESSING_DATE,CONTENTS_REJECT_REASON,CONTENTS_VIEW,CONTENTS_NAME,CONTENTS_TEXT) values (38,'20210824',2,'승인',to_date('21/09/09','RR/MM/DD'),null,120,'중학생 알고리즘 경진대회5',null);
Insert into CONTENTS (CONTENTS_ID,MEM_ID,COMPET_ID,CONTENTS_STATE,CONTENTS_PROCESSING_DATE,CONTENTS_REJECT_REASON,CONTENTS_VIEW,CONTENTS_NAME,CONTENTS_TEXT) values (40,'20210824',4,'거절',to_date('21/09/09','RR/MM/DD'),'주제부적합',null,'동국대학교 프로그래밍 경진대회5',null);
Insert into CONTENTS (CONTENTS_ID,MEM_ID,COMPET_ID,CONTENTS_STATE,CONTENTS_PROCESSING_DATE,CONTENTS_REJECT_REASON,CONTENTS_VIEW,CONTENTS_NAME,CONTENTS_TEXT) values (42,'20210825',7,'제출완료',to_date('21/09/09','RR/MM/DD'),null,null,'금융 빅데이터 활용 아이디어 공모전6',null);
Insert into CONTENTS (CONTENTS_ID,MEM_ID,COMPET_ID,CONTENTS_STATE,CONTENTS_PROCESSING_DATE,CONTENTS_REJECT_REASON,CONTENTS_VIEW,CONTENTS_NAME,CONTENTS_TEXT) values (43,'20210825',8,'제출완료',to_date('21/09/09','RR/MM/DD'),null,null,'사이버보안 빅데이터 활용 경진대회6',null);
Insert into CONTENTS (CONTENTS_ID,MEM_ID,COMPET_ID,CONTENTS_STATE,CONTENTS_PROCESSING_DATE,CONTENTS_REJECT_REASON,CONTENTS_VIEW,CONTENTS_NAME,CONTENTS_TEXT) values (46,'20210825',3,'승인',to_date('21/09/09','RR/MM/DD'),null,80,'제 3회 국민대학교 알고리즘 대회6',null);
Insert into CONTENTS (CONTENTS_ID,MEM_ID,COMPET_ID,CONTENTS_STATE,CONTENTS_PROCESSING_DATE,CONTENTS_REJECT_REASON,CONTENTS_VIEW,CONTENTS_NAME,CONTENTS_TEXT) values (47,'20210825',4,'승인',to_date('21/09/09','RR/MM/DD'),null,70,'동국대학교 프로그래밍 경진대회6',null);
Insert into CONTENTS (CONTENTS_ID,MEM_ID,COMPET_ID,CONTENTS_STATE,CONTENTS_PROCESSING_DATE,CONTENTS_REJECT_REASON,CONTENTS_VIEW,CONTENTS_NAME,CONTENTS_TEXT) values (49,'20210826',7,'제출완료',to_date('21/09/09','RR/MM/DD'),null,null,'금융 빅데이터 활용 아이디어 공모전7',null);
Insert into CONTENTS (CONTENTS_ID,MEM_ID,COMPET_ID,CONTENTS_STATE,CONTENTS_PROCESSING_DATE,CONTENTS_REJECT_REASON,CONTENTS_VIEW,CONTENTS_NAME,CONTENTS_TEXT) values (50,'20210826',8,'제출완료',to_date('21/09/09','RR/MM/DD'),null,null,'사이버보안 빅데이터 활용 경진대회7',null);
Insert into CONTENTS (CONTENTS_ID,MEM_ID,COMPET_ID,CONTENTS_STATE,CONTENTS_PROCESSING_DATE,CONTENTS_REJECT_REASON,CONTENTS_VIEW,CONTENTS_NAME,CONTENTS_TEXT) values (52,'20210826',2,'승인',to_date('21/09/09','RR/MM/DD'),null,60,'중학생 알고리즘 경진대회7',null);
Insert into CONTENTS (CONTENTS_ID,MEM_ID,COMPET_ID,CONTENTS_STATE,CONTENTS_PROCESSING_DATE,CONTENTS_REJECT_REASON,CONTENTS_VIEW,CONTENTS_NAME,CONTENTS_TEXT) values (54,'20210826',4,'승인',to_date('21/09/09','RR/MM/DD'),null,40,'동국대학교 프로그래밍 경진대회7',null);
Insert into CONTENTS (CONTENTS_ID,MEM_ID,COMPET_ID,CONTENTS_STATE,CONTENTS_PROCESSING_DATE,CONTENTS_REJECT_REASON,CONTENTS_VIEW,CONTENTS_NAME,CONTENTS_TEXT) values (55,'20210826',5,'승인',to_date('21/09/09','RR/MM/DD'),null,30,'미래에셋대우 빅데이터 분석 경진대회7',null);
Insert into CONTENTS (CONTENTS_ID,MEM_ID,COMPET_ID,CONTENTS_STATE,CONTENTS_PROCESSING_DATE,CONTENTS_REJECT_REASON,CONTENTS_VIEW,CONTENTS_NAME,CONTENTS_TEXT) values (57,'20210827',8,'제출완료',to_date('21/09/09','RR/MM/DD'),null,null,'사이버보안 빅데이터 활용 경진대회8',null);
Insert into CONTENTS (CONTENTS_ID,MEM_ID,COMPET_ID,CONTENTS_STATE,CONTENTS_PROCESSING_DATE,CONTENTS_REJECT_REASON,CONTENTS_VIEW,CONTENTS_NAME,CONTENTS_TEXT) values (59,'20210827',2,'제출완료',to_date('21/09/09','RR/MM/DD'),null,null,'중학생 알고리즘 경진대회8',null);
Insert into CONTENTS (CONTENTS_ID,MEM_ID,COMPET_ID,CONTENTS_STATE,CONTENTS_PROCESSING_DATE,CONTENTS_REJECT_REASON,CONTENTS_VIEW,CONTENTS_NAME,CONTENTS_TEXT) values (60,'20210827',3,'승인',to_date('21/09/09','RR/MM/DD'),null,20,'제 3회 국민대학교 알고리즘 대회8',null);
Insert into CONTENTS (CONTENTS_ID,MEM_ID,COMPET_ID,CONTENTS_STATE,CONTENTS_PROCESSING_DATE,CONTENTS_REJECT_REASON,CONTENTS_VIEW,CONTENTS_NAME,CONTENTS_TEXT) values (62,'20210827',5,'승인',to_date('21/09/09','RR/MM/DD'),null,20,'미래에셋대우 빅데이터 분석 경진대회8',null);
Insert into CONTENTS (CONTENTS_ID,MEM_ID,COMPET_ID,CONTENTS_STATE,CONTENTS_PROCESSING_DATE,CONTENTS_REJECT_REASON,CONTENTS_VIEW,CONTENTS_NAME,CONTENTS_TEXT) values (64,'20210827',7,'거절',to_date('21/09/09','RR/MM/DD'),'주제부적합',null,'금융 빅데이터 활용 아이디어 공모전8',null);
Insert into CONTENTS (CONTENTS_ID,MEM_ID,COMPET_ID,CONTENTS_STATE,CONTENTS_PROCESSING_DATE,CONTENTS_REJECT_REASON,CONTENTS_VIEW,CONTENTS_NAME,CONTENTS_TEXT) values (66,'20210828',2,'제출완료',to_date('21/09/09','RR/MM/DD'),null,null,'중학생 알고리즘 경진대회9',null);
Insert into CONTENTS (CONTENTS_ID,MEM_ID,COMPET_ID,CONTENTS_STATE,CONTENTS_PROCESSING_DATE,CONTENTS_REJECT_REASON,CONTENTS_VIEW,CONTENTS_NAME,CONTENTS_TEXT) values (67,'20210828',3,'제출완료',to_date('21/09/09','RR/MM/DD'),null,null,'제 3회 국민대학교 알고리즘 대회9',null);
Insert into CONTENTS (CONTENTS_ID,MEM_ID,COMPET_ID,CONTENTS_STATE,CONTENTS_PROCESSING_DATE,CONTENTS_REJECT_REASON,CONTENTS_VIEW,CONTENTS_NAME,CONTENTS_TEXT) values (69,'20210828',5,'승인',to_date('21/09/09','RR/MM/DD'),null,50,'미래에셋대우 빅데이터 분석 경진대회9',null);
Insert into CONTENTS (CONTENTS_ID,MEM_ID,COMPET_ID,CONTENTS_STATE,CONTENTS_PROCESSING_DATE,CONTENTS_REJECT_REASON,CONTENTS_VIEW,CONTENTS_NAME,CONTENTS_TEXT) values (71,'20210828',7,'승인',to_date('21/09/09','RR/MM/DD'),null,70,'금융 빅데이터 활용 아이디어 공모전9',null);
Insert into CONTENTS (CONTENTS_ID,MEM_ID,COMPET_ID,CONTENTS_STATE,CONTENTS_PROCESSING_DATE,CONTENTS_REJECT_REASON,CONTENTS_VIEW,CONTENTS_NAME,CONTENTS_TEXT) values (72,'20210828',8,'거절',to_date('21/09/09','RR/MM/DD'),'주제부적합',null,'금융 빅데이터 활용 아이',null);
Insert into CONTENTS (CONTENTS_ID,MEM_ID,COMPET_ID,CONTENTS_STATE,CONTENTS_PROCESSING_DATE,CONTENTS_REJECT_REASON,CONTENTS_VIEW,CONTENTS_NAME,CONTENTS_TEXT) values (74,'20210829',3,'제출완료',to_date('21/09/09','RR/MM/DD'),null,null,'제 3회 국민대학교 알고리즘 대회10',null);
Insert into CONTENTS (CONTENTS_ID,MEM_ID,COMPET_ID,CONTENTS_STATE,CONTENTS_PROCESSING_DATE,CONTENTS_REJECT_REASON,CONTENTS_VIEW,CONTENTS_NAME,CONTENTS_TEXT) values (76,'20210829',5,'승인',to_date('21/09/09','RR/MM/DD'),null,80,'미래에셋대우 빅데이터 분석 경진대회10',null);
Insert into CONTENTS (CONTENTS_ID,MEM_ID,COMPET_ID,CONTENTS_STATE,CONTENTS_PROCESSING_DATE,CONTENTS_REJECT_REASON,CONTENTS_VIEW,CONTENTS_NAME,CONTENTS_TEXT) values (78,'20210829',7,'승인',to_date('21/09/09','RR/MM/DD'),null,100,'금융 빅데이터 활용 아이디어 공모전10',null);
Insert into CONTENTS (CONTENTS_ID,MEM_ID,COMPET_ID,CONTENTS_STATE,CONTENTS_PROCESSING_DATE,CONTENTS_REJECT_REASON,CONTENTS_VIEW,CONTENTS_NAME,CONTENTS_TEXT) values (79,'20210829',8,'승인',to_date('21/09/09','RR/MM/DD'),null,110,'사이버보안 빅데이터 활용 경진대회10',null);
Insert into CONTENTS (CONTENTS_ID,MEM_ID,COMPET_ID,CONTENTS_STATE,CONTENTS_PROCESSING_DATE,CONTENTS_REJECT_REASON,CONTENTS_VIEW,CONTENTS_NAME,CONTENTS_TEXT) values (81,'20210830',3,'제출완료',to_date('21/09/09','RR/MM/DD'),null,null,'제 3회 국민대학교 알고리즘 대회11',null);
Insert into CONTENTS (CONTENTS_ID,MEM_ID,COMPET_ID,CONTENTS_STATE,CONTENTS_PROCESSING_DATE,CONTENTS_REJECT_REASON,CONTENTS_VIEW,CONTENTS_NAME,CONTENTS_TEXT) values (83,'20210830',5,'제출완료',to_date('21/09/09','RR/MM/DD'),null,null,'미래에셋대우 빅데이터 분석 경진대회11',null);
Insert into CONTENTS (CONTENTS_ID,MEM_ID,COMPET_ID,CONTENTS_STATE,CONTENTS_PROCESSING_DATE,CONTENTS_REJECT_REASON,CONTENTS_VIEW,CONTENTS_NAME,CONTENTS_TEXT) values (84,'20210830',6,'승인',to_date('21/09/09','RR/MM/DD'),null,120,'해양수산 빅데이터 분석 경진대회11',null);
Insert into CONTENTS (CONTENTS_ID,MEM_ID,COMPET_ID,CONTENTS_STATE,CONTENTS_PROCESSING_DATE,CONTENTS_REJECT_REASON,CONTENTS_VIEW,CONTENTS_NAME,CONTENTS_TEXT) values (86,'20210830',8,'승인',to_date('21/09/09','RR/MM/DD'),null,140,'사이버보안 빅데이터 활용 경진대회11',null);
Insert into CONTENTS (CONTENTS_ID,MEM_ID,COMPET_ID,CONTENTS_STATE,CONTENTS_PROCESSING_DATE,CONTENTS_REJECT_REASON,CONTENTS_VIEW,CONTENTS_NAME,CONTENTS_TEXT) values (88,'20210830',2,'거절',to_date('21/09/09','RR/MM/DD'),'주제부적합',null,'삼성들어갈랭',null);
Insert into CONTENTS (CONTENTS_ID,MEM_ID,COMPET_ID,CONTENTS_STATE,CONTENTS_PROCESSING_DATE,CONTENTS_REJECT_REASON,CONTENTS_VIEW,CONTENTS_NAME,CONTENTS_TEXT) values (90,'20210831',4,'제출완료',to_date('21/09/09','RR/MM/DD'),null,null,'동국대학교 프로그래밍 경진대회12',null);
Insert into CONTENTS (CONTENTS_ID,MEM_ID,COMPET_ID,CONTENTS_STATE,CONTENTS_PROCESSING_DATE,CONTENTS_REJECT_REASON,CONTENTS_VIEW,CONTENTS_NAME,CONTENTS_TEXT) values (91,'20210831',5,'제출완료',to_date('21/09/09','RR/MM/DD'),null,null,'미래에셋대우 빅데이터 분석 경진대회12',null);
Insert into CONTENTS (CONTENTS_ID,MEM_ID,COMPET_ID,CONTENTS_STATE,CONTENTS_PROCESSING_DATE,CONTENTS_REJECT_REASON,CONTENTS_VIEW,CONTENTS_NAME,CONTENTS_TEXT) values (93,'20210831',7,'승인',to_date('21/09/09','RR/MM/DD'),null,170,'금융 빅데이터 활용 아이디어 공모전12',null);
Insert into CONTENTS (CONTENTS_ID,MEM_ID,COMPET_ID,CONTENTS_STATE,CONTENTS_PROCESSING_DATE,CONTENTS_REJECT_REASON,CONTENTS_VIEW,CONTENTS_NAME,CONTENTS_TEXT) values (95,'20210831',1,'승인',to_date('21/09/09','RR/MM/DD'),null,191,'삼성전자 알고리즘 대회12',null);
Insert into CONTENTS (CONTENTS_ID,MEM_ID,COMPET_ID,CONTENTS_STATE,CONTENTS_PROCESSING_DATE,CONTENTS_REJECT_REASON,CONTENTS_VIEW,CONTENTS_NAME,CONTENTS_TEXT) values (96,'20210831',2,'거절',to_date('21/09/09','RR/MM/DD'),'주제부적합',null,'칠성전자',null);
Insert into CONTENTS (CONTENTS_ID,MEM_ID,COMPET_ID,CONTENTS_STATE,CONTENTS_PROCESSING_DATE,CONTENTS_REJECT_REASON,CONTENTS_VIEW,CONTENTS_NAME,CONTENTS_TEXT) values (98,'20210901',5,'제출완료',to_date('21/09/09','RR/MM/DD'),null,null,'미래에셋대우 빅데이터 분석 경진대회13',null);
Insert into CONTENTS (CONTENTS_ID,MEM_ID,COMPET_ID,CONTENTS_STATE,CONTENTS_PROCESSING_DATE,CONTENTS_REJECT_REASON,CONTENTS_VIEW,CONTENTS_NAME,CONTENTS_TEXT) values (100,'20210901',7,'승인',to_date('21/09/09','RR/MM/DD'),null,200,'금융 빅데이터 활용 아이디어 공모전13',null);
Insert into CONTENTS (CONTENTS_ID,MEM_ID,COMPET_ID,CONTENTS_STATE,CONTENTS_PROCESSING_DATE,CONTENTS_REJECT_REASON,CONTENTS_VIEW,CONTENTS_NAME,CONTENTS_TEXT) values (101,'20210901',8,'승인',to_date('21/09/09','RR/MM/DD'),null,210,'사이버보안 빅데이터 활용 경진대회13',null);
Insert into CONTENTS (CONTENTS_ID,MEM_ID,COMPET_ID,CONTENTS_STATE,CONTENTS_PROCESSING_DATE,CONTENTS_REJECT_REASON,CONTENTS_VIEW,CONTENTS_NAME,CONTENTS_TEXT) values (103,'20210901',2,'승인',to_date('21/09/09','RR/MM/DD'),null,231,'중학생 알고리즘 경진대회13',null);
Insert into CONTENTS (CONTENTS_ID,MEM_ID,COMPET_ID,CONTENTS_STATE,CONTENTS_PROCESSING_DATE,CONTENTS_REJECT_REASON,CONTENTS_VIEW,CONTENTS_NAME,CONTENTS_TEXT) values (105,'20210902',5,'제출완료',to_date('21/09/09','RR/MM/DD'),null,null,'미래에셋대우 빅데이터 분석 경진대회14',null);
Insert into CONTENTS (CONTENTS_ID,MEM_ID,COMPET_ID,CONTENTS_STATE,CONTENTS_PROCESSING_DATE,CONTENTS_REJECT_REASON,CONTENTS_VIEW,CONTENTS_NAME,CONTENTS_TEXT) values (107,'20210902',7,'제출완료',to_date('21/09/09','RR/MM/DD'),null,null,'금융 빅데이터 활용 아이디어 공모전14',null);
Insert into CONTENTS (CONTENTS_ID,MEM_ID,COMPET_ID,CONTENTS_STATE,CONTENTS_PROCESSING_DATE,CONTENTS_REJECT_REASON,CONTENTS_VIEW,CONTENTS_NAME,CONTENTS_TEXT) values (108,'20210902',8,'승인',to_date('21/09/09','RR/MM/DD'),null,240,'사이버보안 빅데이터 활용 경진대회14',null);
Insert into CONTENTS (CONTENTS_ID,MEM_ID,COMPET_ID,CONTENTS_STATE,CONTENTS_PROCESSING_DATE,CONTENTS_REJECT_REASON,CONTENTS_VIEW,CONTENTS_NAME,CONTENTS_TEXT) values (110,'20210902',2,'승인',to_date('21/09/09','RR/MM/DD'),null,260,'중학생 알고리즘 경진대회14',null);
Insert into CONTENTS (CONTENTS_ID,MEM_ID,COMPET_ID,CONTENTS_STATE,CONTENTS_PROCESSING_DATE,CONTENTS_REJECT_REASON,CONTENTS_VIEW,CONTENTS_NAME,CONTENTS_TEXT) values (112,'20210902',4,'거절',to_date('21/09/09','RR/MM/DD'),'주제부적합',null,'제 3회 국민대학',null);
Insert into CONTENTS (CONTENTS_ID,MEM_ID,COMPET_ID,CONTENTS_STATE,CONTENTS_PROCESSING_DATE,CONTENTS_REJECT_REASON,CONTENTS_VIEW,CONTENTS_NAME,CONTENTS_TEXT) values (114,'20210903',7,'제출완료',to_date('21/09/09','RR/MM/DD'),null,null,'금융 빅데이터 활용 아이디어 공모전15',null);
Insert into CONTENTS (CONTENTS_ID,MEM_ID,COMPET_ID,CONTENTS_STATE,CONTENTS_PROCESSING_DATE,CONTENTS_REJECT_REASON,CONTENTS_VIEW,CONTENTS_NAME,CONTENTS_TEXT) values (115,'20210903',8,'제출완료',to_date('21/09/09','RR/MM/DD'),null,null,'사이버보안 빅데이터 활용 경진대회15',null);
Insert into CONTENTS (CONTENTS_ID,MEM_ID,COMPET_ID,CONTENTS_STATE,CONTENTS_PROCESSING_DATE,CONTENTS_REJECT_REASON,CONTENTS_VIEW,CONTENTS_NAME,CONTENTS_TEXT) values (118,'20210903',3,'승인',to_date('21/09/09','RR/MM/DD'),null,300,'제 3회 국민대학교 알고리즘 대회15',null);
Insert into CONTENTS (CONTENTS_ID,MEM_ID,COMPET_ID,CONTENTS_STATE,CONTENTS_PROCESSING_DATE,CONTENTS_REJECT_REASON,CONTENTS_VIEW,CONTENTS_NAME,CONTENTS_TEXT) values (119,'20210903',4,'승인',to_date('21/09/09','RR/MM/DD'),null,290,'동국대학교 프로그래밍 경진대회15',null);
Insert into CONTENTS (CONTENTS_ID,MEM_ID,COMPET_ID,CONTENTS_STATE,CONTENTS_PROCESSING_DATE,CONTENTS_REJECT_REASON,CONTENTS_VIEW,CONTENTS_NAME,CONTENTS_TEXT) values (121,'20210904',7,'제출완료',to_date('21/09/09','RR/MM/DD'),null,null,'금융 빅데이터 활용 아이디어 공모전16',null);
Insert into CONTENTS (CONTENTS_ID,MEM_ID,COMPET_ID,CONTENTS_STATE,CONTENTS_PROCESSING_DATE,CONTENTS_REJECT_REASON,CONTENTS_VIEW,CONTENTS_NAME,CONTENTS_TEXT) values (122,'20210904',8,'제출완료',to_date('21/09/09','RR/MM/DD'),null,null,'사이버보안 빅데이터 활용 경진대회16',null);
Insert into CONTENTS (CONTENTS_ID,MEM_ID,COMPET_ID,CONTENTS_STATE,CONTENTS_PROCESSING_DATE,CONTENTS_REJECT_REASON,CONTENTS_VIEW,CONTENTS_NAME,CONTENTS_TEXT) values (125,'20210904',3,'승인',to_date('21/09/09','RR/MM/DD'),null,270,'제 3회 국민대학교 알고리즘 대회16',null);
Insert into CONTENTS (CONTENTS_ID,MEM_ID,COMPET_ID,CONTENTS_STATE,CONTENTS_PROCESSING_DATE,CONTENTS_REJECT_REASON,CONTENTS_VIEW,CONTENTS_NAME,CONTENTS_TEXT) values (126,'20210904',4,'승인',to_date('21/09/09','RR/MM/DD'),null,260,'동국대학교 프로그래밍 경진대회16',null);
Insert into CONTENTS (CONTENTS_ID,MEM_ID,COMPET_ID,CONTENTS_STATE,CONTENTS_PROCESSING_DATE,CONTENTS_REJECT_REASON,CONTENTS_VIEW,CONTENTS_NAME,CONTENTS_TEXT) values (128,'20210904',6,'거절',to_date('21/09/09','RR/MM/DD'),'주제부적합',null,'미래에',null);
Insert into CONTENTS (CONTENTS_ID,MEM_ID,COMPET_ID,CONTENTS_STATE,CONTENTS_PROCESSING_DATE,CONTENTS_REJECT_REASON,CONTENTS_VIEW,CONTENTS_NAME,CONTENTS_TEXT) values (130,'20210905',2,'제출완료',to_date('21/09/09','RR/MM/DD'),null,null,'중학생 알고리즘 경진대회17',null);
Insert into CONTENTS (CONTENTS_ID,MEM_ID,COMPET_ID,CONTENTS_STATE,CONTENTS_PROCESSING_DATE,CONTENTS_REJECT_REASON,CONTENTS_VIEW,CONTENTS_NAME,CONTENTS_TEXT) values (132,'20210905',4,'승인',to_date('21/09/09','RR/MM/DD'),null,240,'동국대학교 프로그래밍 경진대회17',null);
Insert into CONTENTS (CONTENTS_ID,MEM_ID,COMPET_ID,CONTENTS_STATE,CONTENTS_PROCESSING_DATE,CONTENTS_REJECT_REASON,CONTENTS_VIEW,CONTENTS_NAME,CONTENTS_TEXT) values (133,'20210905',5,'승인',to_date('21/09/09','RR/MM/DD'),null,230,'미래에셋대우 빅데이터 분석 경진대회17',null);
Insert into CONTENTS (CONTENTS_ID,MEM_ID,COMPET_ID,CONTENTS_STATE,CONTENTS_PROCESSING_DATE,CONTENTS_REJECT_REASON,CONTENTS_VIEW,CONTENTS_NAME,CONTENTS_TEXT) values (135,'20210905',7,'승인',to_date('21/09/09','RR/MM/DD'),null,210,'금융 빅데이터 활용 아이디어 공모전17',null);
Insert into CONTENTS (CONTENTS_ID,MEM_ID,COMPET_ID,CONTENTS_STATE,CONTENTS_PROCESSING_DATE,CONTENTS_REJECT_REASON,CONTENTS_VIEW,CONTENTS_NAME,CONTENTS_TEXT) values (136,'20210905',8,'거절',to_date('21/09/09','RR/MM/DD'),'주제부적합',null,'금융 빅데이터 공모전',null);
Insert into CONTENTS (CONTENTS_ID,MEM_ID,COMPET_ID,CONTENTS_STATE,CONTENTS_PROCESSING_DATE,CONTENTS_REJECT_REASON,CONTENTS_VIEW,CONTENTS_NAME,CONTENTS_TEXT) values (139,'20210906',4,'제출완료',to_date('21/09/09','RR/MM/DD'),null,null,'동국대학교 프로그래밍 경진대회18',null);
Insert into CONTENTS (CONTENTS_ID,MEM_ID,COMPET_ID,CONTENTS_STATE,CONTENTS_PROCESSING_DATE,CONTENTS_REJECT_REASON,CONTENTS_VIEW,CONTENTS_NAME,CONTENTS_TEXT) values (140,'20210906',5,'승인',to_date('21/09/09','RR/MM/DD'),null,200,'미래에셋대우 빅데이터 분석 경진대회18',null);
Insert into CONTENTS (CONTENTS_ID,MEM_ID,COMPET_ID,CONTENTS_STATE,CONTENTS_PROCESSING_DATE,CONTENTS_REJECT_REASON,CONTENTS_VIEW,CONTENTS_NAME,CONTENTS_TEXT) values (142,'20210906',7,'승인',to_date('21/09/09','RR/MM/DD'),null,180,'금융 빅데이터 활용 아이디어 공모전18',null);
Insert into CONTENTS (CONTENTS_ID,MEM_ID,COMPET_ID,CONTENTS_STATE,CONTENTS_PROCESSING_DATE,CONTENTS_REJECT_REASON,CONTENTS_VIEW,CONTENTS_NAME,CONTENTS_TEXT) values (144,'20210906',1,'거절',to_date('21/09/09','RR/MM/DD'),'주제부적합',null,'사이버보',null);
Insert into CONTENTS (CONTENTS_ID,MEM_ID,COMPET_ID,CONTENTS_STATE,CONTENTS_PROCESSING_DATE,CONTENTS_REJECT_REASON,CONTENTS_VIEW,CONTENTS_NAME,CONTENTS_TEXT) values (145,'20210907',3,'제출완료',to_date('21/09/09','RR/MM/DD'),null,null,'제 3회 국민대학교 알고리즘 대회19',null);
Insert into CONTENTS (CONTENTS_ID,MEM_ID,COMPET_ID,CONTENTS_STATE,CONTENTS_PROCESSING_DATE,CONTENTS_REJECT_REASON,CONTENTS_VIEW,CONTENTS_NAME,CONTENTS_TEXT) values (147,'20210907',5,'제출완료',to_date('21/09/09','RR/MM/DD'),null,null,'미래에셋대우 빅데이터 분석 경진대회19',null);
Insert into CONTENTS (CONTENTS_ID,MEM_ID,COMPET_ID,CONTENTS_STATE,CONTENTS_PROCESSING_DATE,CONTENTS_REJECT_REASON,CONTENTS_VIEW,CONTENTS_NAME,CONTENTS_TEXT) values (149,'20210907',7,'승인',to_date('21/09/09','RR/MM/DD'),null,150,'금융 빅데이터 활용 아이디어 공모전19',null);
Insert into CONTENTS (CONTENTS_ID,MEM_ID,COMPET_ID,CONTENTS_STATE,CONTENTS_PROCESSING_DATE,CONTENTS_REJECT_REASON,CONTENTS_VIEW,CONTENTS_NAME,CONTENTS_TEXT) values (150,'20210907',8,'승인',to_date('21/09/09','RR/MM/DD'),null,140,'사이버보안 빅데이터 활용 경진대회19',null);
Insert into CONTENTS (CONTENTS_ID,MEM_ID,COMPET_ID,CONTENTS_STATE,CONTENTS_PROCESSING_DATE,CONTENTS_REJECT_REASON,CONTENTS_VIEW,CONTENTS_NAME,CONTENTS_TEXT) values (153,'20210908',4,'제출완료',to_date('21/09/09','RR/MM/DD'),null,null,'동국대학교 프로그래밍 경진대회20',null);
Insert into CONTENTS (CONTENTS_ID,MEM_ID,COMPET_ID,CONTENTS_STATE,CONTENTS_PROCESSING_DATE,CONTENTS_REJECT_REASON,CONTENTS_VIEW,CONTENTS_NAME,CONTENTS_TEXT) values (154,'20210908',5,'제출완료',to_date('21/09/09','RR/MM/DD'),null,null,'미래에셋대우 빅데이터 분석 경진대회20',null);
Insert into CONTENTS (CONTENTS_ID,MEM_ID,COMPET_ID,CONTENTS_STATE,CONTENTS_PROCESSING_DATE,CONTENTS_REJECT_REASON,CONTENTS_VIEW,CONTENTS_NAME,CONTENTS_TEXT) values (156,'20210908',7,'승인',to_date('21/09/09','RR/MM/DD'),null,120,'금융 빅데이터 활용 아이디어 공모전20',null);
Insert into CONTENTS (CONTENTS_ID,MEM_ID,COMPET_ID,CONTENTS_STATE,CONTENTS_PROCESSING_DATE,CONTENTS_REJECT_REASON,CONTENTS_VIEW,CONTENTS_NAME,CONTENTS_TEXT) values (158,'20210908',1,'승인',to_date('21/09/09','RR/MM/DD'),null,101,'삼성전자 알고리즘 대회20',null);
Insert into CONTENTS (CONTENTS_ID,MEM_ID,COMPET_ID,CONTENTS_STATE,CONTENTS_PROCESSING_DATE,CONTENTS_REJECT_REASON,CONTENTS_VIEW,CONTENTS_NAME,CONTENTS_TEXT) values (159,'20210908',2,'승인',to_date('21/09/09','RR/MM/DD'),null,92,'중학생 알고리즘 경진대회20',null);
Insert into CONTENTS (CONTENTS_ID,MEM_ID,COMPET_ID,CONTENTS_STATE,CONTENTS_PROCESSING_DATE,CONTENTS_REJECT_REASON,CONTENTS_VIEW,CONTENTS_NAME,CONTENTS_TEXT) values (163,'20210904',9,'승인',to_date('21/10/02','RR/MM/DD'),null,6,'이순신의 일대기','안녕하세요');
Insert into CONTENTS (CONTENTS_ID,MEM_ID,COMPET_ID,CONTENTS_STATE,CONTENTS_PROCESSING_DATE,CONTENTS_REJECT_REASON,CONTENTS_VIEW,CONTENTS_NAME,CONTENTS_TEXT) values (161,'20210904',9,'제출완료',to_date('21/10/01','RR/MM/DD'),null,null,'erfr','<p>sdfsdf<img style="width: 769.688px;" src="/ocp/contents/downloadImgInText.do?contents_file_id=10&amp;fileName=삼성전자 알고리즘 대회-big - 복사본.jpg" data-filename="삼성전자 알고리즘 대회-big - 복사본.jpg"></p>');
Insert into CONTENTS (CONTENTS_ID,MEM_ID,COMPET_ID,CONTENTS_STATE,CONTENTS_PROCESSING_DATE,CONTENTS_REJECT_REASON,CONTENTS_VIEW,CONTENTS_NAME,CONTENTS_TEXT) values (162,'20210904',9,'승인',to_date('21/10/01','RR/MM/DD'),null,0,'rfds','<p>sdfsdf</p>');
Insert into CONTENTS (CONTENTS_ID,MEM_ID,COMPET_ID,CONTENTS_STATE,CONTENTS_PROCESSING_DATE,CONTENTS_REJECT_REASON,CONTENTS_VIEW,CONTENTS_NAME,CONTENTS_TEXT) values (164,'20210904',10,'승인',to_date('21/10/02','RR/MM/DD'),null,14,'안녕','녕안');
Insert into CONTENTS (CONTENTS_ID,MEM_ID,COMPET_ID,CONTENTS_STATE,CONTENTS_PROCESSING_DATE,CONTENTS_REJECT_REASON,CONTENTS_VIEW,CONTENTS_NAME,CONTENTS_TEXT) values (165,'20210904',1,'승인',to_date('21/10/06','RR/MM/DD'),null,7,'다익스트라 알고리즘','<p>다익스트라 알고리즘입니다.</p><p><br></p><p>동영상입니다.</p><p><iframe frameborder="0" src="//www.youtube.com/embed/611B-9zk2o4" width="640" height="360" class="note-video-clip"></iframe></p><p><br></p><p>이미지입니다.</p><p><br></p><p><img src="/ocp/contents/downloadImgInText.do?contents_file_id=11&amp;fileName=2021106153225.jpg" alt="자바로 만드는 다익스트라 (dijkstra) 알고리즘"></p><p>감사합니다.</p>');
REM INSERTING into CONTENTS_ALERT
SET DEFINE OFF;
Insert into CONTENTS_ALERT (CONTENTS_ALERT_ID,MEM_ID,CONTENTS_ID,ALERT_TYPE) values (1,'20210820',151,'cmt');
Insert into CONTENTS_ALERT (CONTENTS_ALERT_ID,MEM_ID,CONTENTS_ID,ALERT_TYPE) values (2,'20210821',151,'cmt');
Insert into CONTENTS_ALERT (CONTENTS_ALERT_ID,MEM_ID,CONTENTS_ID,ALERT_TYPE) values (3,'20210822',151,'cmt');
Insert into CONTENTS_ALERT (CONTENTS_ALERT_ID,MEM_ID,CONTENTS_ID,ALERT_TYPE) values (4,'20210823',158,'cmt');
Insert into CONTENTS_ALERT (CONTENTS_ALERT_ID,MEM_ID,CONTENTS_ID,ALERT_TYPE) values (5,'20210825',30,'cmt');
Insert into CONTENTS_ALERT (CONTENTS_ALERT_ID,MEM_ID,CONTENTS_ID,ALERT_TYPE) values (6,'20210820',151,'likes');
Insert into CONTENTS_ALERT (CONTENTS_ALERT_ID,MEM_ID,CONTENTS_ID,ALERT_TYPE) values (7,'20210821',151,'likes');
Insert into CONTENTS_ALERT (CONTENTS_ALERT_ID,MEM_ID,CONTENTS_ID,ALERT_TYPE) values (8,'20210822',151,'likes');
Insert into CONTENTS_ALERT (CONTENTS_ALERT_ID,MEM_ID,CONTENTS_ID,ALERT_TYPE) values (9,'20210823',151,'likes');
Insert into CONTENTS_ALERT (CONTENTS_ALERT_ID,MEM_ID,CONTENTS_ID,ALERT_TYPE) values (10,'20210824',151,'likes');
Insert into CONTENTS_ALERT (CONTENTS_ALERT_ID,MEM_ID,CONTENTS_ID,ALERT_TYPE) values (11,'20210825',151,'likes');
Insert into CONTENTS_ALERT (CONTENTS_ALERT_ID,MEM_ID,CONTENTS_ID,ALERT_TYPE) values (12,'20210826',151,'likes');
Insert into CONTENTS_ALERT (CONTENTS_ALERT_ID,MEM_ID,CONTENTS_ID,ALERT_TYPE) values (13,'20210827',151,'likes');
Insert into CONTENTS_ALERT (CONTENTS_ALERT_ID,MEM_ID,CONTENTS_ID,ALERT_TYPE) values (14,'20210828',151,'likes');
Insert into CONTENTS_ALERT (CONTENTS_ALERT_ID,MEM_ID,CONTENTS_ID,ALERT_TYPE) values (15,'20210829',151,'likes');
Insert into CONTENTS_ALERT (CONTENTS_ALERT_ID,MEM_ID,CONTENTS_ID,ALERT_TYPE) values (16,'20210830',151,'likes');
Insert into CONTENTS_ALERT (CONTENTS_ALERT_ID,MEM_ID,CONTENTS_ID,ALERT_TYPE) values (17,'20210831',151,'likes');
Insert into CONTENTS_ALERT (CONTENTS_ALERT_ID,MEM_ID,CONTENTS_ID,ALERT_TYPE) values (18,'20210901',151,'likes');
Insert into CONTENTS_ALERT (CONTENTS_ALERT_ID,MEM_ID,CONTENTS_ID,ALERT_TYPE) values (19,'20210902',158,'likes');
Insert into CONTENTS_ALERT (CONTENTS_ALERT_ID,MEM_ID,CONTENTS_ID,ALERT_TYPE) values (20,'20210903',158,'likes');
Insert into CONTENTS_ALERT (CONTENTS_ALERT_ID,MEM_ID,CONTENTS_ID,ALERT_TYPE) values (21,'20210904',158,'likes');
Insert into CONTENTS_ALERT (CONTENTS_ALERT_ID,MEM_ID,CONTENTS_ID,ALERT_TYPE) values (22,'20210905',158,'likes');
Insert into CONTENTS_ALERT (CONTENTS_ALERT_ID,MEM_ID,CONTENTS_ID,ALERT_TYPE) values (23,'20210906',158,'likes');
Insert into CONTENTS_ALERT (CONTENTS_ALERT_ID,MEM_ID,CONTENTS_ID,ALERT_TYPE) values (24,'20210907',158,'likes');
Insert into CONTENTS_ALERT (CONTENTS_ALERT_ID,MEM_ID,CONTENTS_ID,ALERT_TYPE) values (25,'20210820',158,'likes');
Insert into CONTENTS_ALERT (CONTENTS_ALERT_ID,MEM_ID,CONTENTS_ID,ALERT_TYPE) values (26,'20210821',158,'likes');
Insert into CONTENTS_ALERT (CONTENTS_ALERT_ID,MEM_ID,CONTENTS_ID,ALERT_TYPE) values (27,'20210903',30,'likes');
Insert into CONTENTS_ALERT (CONTENTS_ALERT_ID,MEM_ID,CONTENTS_ID,ALERT_TYPE) values (28,'20210901',30,'likes');
Insert into CONTENTS_ALERT (CONTENTS_ALERT_ID,MEM_ID,CONTENTS_ID,ALERT_TYPE) values (29,'20210826',30,'likes');
Insert into CONTENTS_ALERT (CONTENTS_ALERT_ID,MEM_ID,CONTENTS_ID,ALERT_TYPE) values (30,'20210830',30,'likes');
Insert into CONTENTS_ALERT (CONTENTS_ALERT_ID,MEM_ID,CONTENTS_ID,ALERT_TYPE) values (31,'20210831',30,'likes');
Insert into CONTENTS_ALERT (CONTENTS_ALERT_ID,MEM_ID,CONTENTS_ID,ALERT_TYPE) values (32,'20210902',30,'likes');
Insert into CONTENTS_ALERT (CONTENTS_ALERT_ID,MEM_ID,CONTENTS_ID,ALERT_TYPE) values (33,'20210907',30,'likes');
Insert into CONTENTS_ALERT (CONTENTS_ALERT_ID,MEM_ID,CONTENTS_ID,ALERT_TYPE) values (34,'20210905',30,'likes');
Insert into CONTENTS_ALERT (CONTENTS_ALERT_ID,MEM_ID,CONTENTS_ID,ALERT_TYPE) values (35,'20210826',159,'likes');
Insert into CONTENTS_ALERT (CONTENTS_ALERT_ID,MEM_ID,CONTENTS_ID,ALERT_TYPE) values (36,'20210825',159,'likes');
Insert into CONTENTS_ALERT (CONTENTS_ALERT_ID,MEM_ID,CONTENTS_ID,ALERT_TYPE) values (37,'20210828',159,'likes');
Insert into CONTENTS_ALERT (CONTENTS_ALERT_ID,MEM_ID,CONTENTS_ID,ALERT_TYPE) values (38,'20210830',159,'likes');
Insert into CONTENTS_ALERT (CONTENTS_ALERT_ID,MEM_ID,CONTENTS_ID,ALERT_TYPE) values (39,'20210831',159,'likes');
Insert into CONTENTS_ALERT (CONTENTS_ALERT_ID,MEM_ID,CONTENTS_ID,ALERT_TYPE) values (40,'20210826',31,'likes');
Insert into CONTENTS_ALERT (CONTENTS_ALERT_ID,MEM_ID,CONTENTS_ID,ALERT_TYPE) values (41,'20210828',31,'likes');
Insert into CONTENTS_ALERT (CONTENTS_ALERT_ID,MEM_ID,CONTENTS_ID,ALERT_TYPE) values (42,'20210827',31,'likes');
Insert into CONTENTS_ALERT (CONTENTS_ALERT_ID,MEM_ID,CONTENTS_ID,ALERT_TYPE) values (43,'20210820',31,'likes');
Insert into CONTENTS_ALERT (CONTENTS_ALERT_ID,MEM_ID,CONTENTS_ID,ALERT_TYPE) values (44,'20210821',31,'likes');
Insert into CONTENTS_ALERT (CONTENTS_ALERT_ID,MEM_ID,CONTENTS_ID,ALERT_TYPE) values (45,'20210822',31,'likes');
Insert into CONTENTS_ALERT (CONTENTS_ALERT_ID,MEM_ID,CONTENTS_ID,ALERT_TYPE) values (46,'20210902',31,'likes');
Insert into CONTENTS_ALERT (CONTENTS_ALERT_ID,MEM_ID,CONTENTS_ID,ALERT_TYPE) values (47,'20210903',31,'likes');
Insert into CONTENTS_ALERT (CONTENTS_ALERT_ID,MEM_ID,CONTENTS_ID,ALERT_TYPE) values (48,'20210904',31,'likes');
Insert into CONTENTS_ALERT (CONTENTS_ALERT_ID,MEM_ID,CONTENTS_ID,ALERT_TYPE) values (49,'20210905',31,'likes');
Insert into CONTENTS_ALERT (CONTENTS_ALERT_ID,MEM_ID,CONTENTS_ID,ALERT_TYPE) values (50,'20210907',31,'likes');
Insert into CONTENTS_ALERT (CONTENTS_ALERT_ID,MEM_ID,CONTENTS_ID,ALERT_TYPE) values (51,'20210908',31,'likes');
Insert into CONTENTS_ALERT (CONTENTS_ALERT_ID,MEM_ID,CONTENTS_ID,ALERT_TYPE) values (52,'20210826',45,'likes');
Insert into CONTENTS_ALERT (CONTENTS_ALERT_ID,MEM_ID,CONTENTS_ID,ALERT_TYPE) values (53,'20210827',45,'likes');
Insert into CONTENTS_ALERT (CONTENTS_ALERT_ID,MEM_ID,CONTENTS_ID,ALERT_TYPE) values (54,'20210829',45,'likes');
Insert into CONTENTS_ALERT (CONTENTS_ALERT_ID,MEM_ID,CONTENTS_ID,ALERT_TYPE) values (55,'20210830',45,'likes');
Insert into CONTENTS_ALERT (CONTENTS_ALERT_ID,MEM_ID,CONTENTS_ID,ALERT_TYPE) values (56,'20210902',45,'likes');
Insert into CONTENTS_ALERT (CONTENTS_ALERT_ID,MEM_ID,CONTENTS_ID,ALERT_TYPE) values (57,'20210901',45,'likes');
Insert into CONTENTS_ALERT (CONTENTS_ALERT_ID,MEM_ID,CONTENTS_ID,ALERT_TYPE) values (58,'20210820',39,'likes');
Insert into CONTENTS_ALERT (CONTENTS_ALERT_ID,MEM_ID,CONTENTS_ID,ALERT_TYPE) values (59,'20210821',39,'likes');
Insert into CONTENTS_ALERT (CONTENTS_ALERT_ID,MEM_ID,CONTENTS_ID,ALERT_TYPE) values (60,'20210822',39,'likes');
Insert into CONTENTS_ALERT (CONTENTS_ALERT_ID,MEM_ID,CONTENTS_ID,ALERT_TYPE) values (61,'20210820',53,'likes');
Insert into CONTENTS_ALERT (CONTENTS_ALERT_ID,MEM_ID,CONTENTS_ID,ALERT_TYPE) values (62,'20210821',53,'likes');
Insert into CONTENTS_ALERT (CONTENTS_ALERT_ID,MEM_ID,CONTENTS_ID,ALERT_TYPE) values (63,'20210822',53,'likes');
Insert into CONTENTS_ALERT (CONTENTS_ALERT_ID,MEM_ID,CONTENTS_ID,ALERT_TYPE) values (64,'20210823',53,'likes');
Insert into CONTENTS_ALERT (CONTENTS_ALERT_ID,MEM_ID,CONTENTS_ID,ALERT_TYPE) values (65,'20210820',60,'likes');
Insert into CONTENTS_ALERT (CONTENTS_ALERT_ID,MEM_ID,CONTENTS_ID,ALERT_TYPE) values (66,'20210822',60,'likes');
Insert into CONTENTS_ALERT (CONTENTS_ALERT_ID,MEM_ID,CONTENTS_ID,ALERT_TYPE) values (67,'20210902',60,'likes');
Insert into CONTENTS_ALERT (CONTENTS_ALERT_ID,MEM_ID,CONTENTS_ID,ALERT_TYPE) values (68,'20210907',60,'likes');
Insert into CONTENTS_ALERT (CONTENTS_ALERT_ID,MEM_ID,CONTENTS_ID,ALERT_TYPE) values (69,'20210908',60,'likes');
Insert into CONTENTS_ALERT (CONTENTS_ALERT_ID,MEM_ID,CONTENTS_ID,ALERT_TYPE) values (70,'20210901',60,'likes');
Insert into CONTENTS_ALERT (CONTENTS_ALERT_ID,MEM_ID,CONTENTS_ID,ALERT_TYPE) values (71,'20210830',159,'cmt');
Insert into CONTENTS_ALERT (CONTENTS_ALERT_ID,MEM_ID,CONTENTS_ID,ALERT_TYPE) values (72,'20210901',159,'cmt');
Insert into CONTENTS_ALERT (CONTENTS_ALERT_ID,MEM_ID,CONTENTS_ID,ALERT_TYPE) values (73,'20210902',31,'cmt');
Insert into CONTENTS_ALERT (CONTENTS_ALERT_ID,MEM_ID,CONTENTS_ID,ALERT_TYPE) values (74,'20210903',45,'cmt');
Insert into CONTENTS_ALERT (CONTENTS_ALERT_ID,MEM_ID,CONTENTS_ID,ALERT_TYPE) values (75,'20210907',39,'cmt');
Insert into CONTENTS_ALERT (CONTENTS_ALERT_ID,MEM_ID,CONTENTS_ID,ALERT_TYPE) values (76,'20210907',53,'cmt');
Insert into CONTENTS_ALERT (CONTENTS_ALERT_ID,MEM_ID,CONTENTS_ID,ALERT_TYPE) values (77,'20210907',60,'cmt');
REM INSERTING into CONTENTS_FILE
SET DEFINE OFF;
Insert into CONTENTS_FILE (CONTENTS_FILE_ID,CONTENTS_ID,CONTENTS_FILE_TYPE,CONTENTS_FILE_NAME) values (1,151,'img','duke_swing.gif');
Insert into CONTENTS_FILE (CONTENTS_FILE_ID,CONTENTS_ID,CONTENTS_FILE_TYPE,CONTENTS_FILE_NAME) values (2,158,'pdf','dfef.pdf');
Insert into CONTENTS_FILE (CONTENTS_FILE_ID,CONTENTS_ID,CONTENTS_FILE_TYPE,CONTENTS_FILE_NAME) values (3,30,'img','duke.png');
Insert into CONTENTS_FILE (CONTENTS_FILE_ID,CONTENTS_ID,CONTENTS_FILE_TYPE,CONTENTS_FILE_NAME) values (4,159,'img','duke2.png');
Insert into CONTENTS_FILE (CONTENTS_FILE_ID,CONTENTS_ID,CONTENTS_FILE_TYPE,CONTENTS_FILE_NAME) values (5,31,'img','duke.png');
Insert into CONTENTS_FILE (CONTENTS_FILE_ID,CONTENTS_ID,CONTENTS_FILE_TYPE,CONTENTS_FILE_NAME) values (6,45,'img','duke_swing.gif');
Insert into CONTENTS_FILE (CONTENTS_FILE_ID,CONTENTS_ID,CONTENTS_FILE_TYPE,CONTENTS_FILE_NAME) values (7,39,'img','duke.png');
Insert into CONTENTS_FILE (CONTENTS_FILE_ID,CONTENTS_ID,CONTENTS_FILE_TYPE,CONTENTS_FILE_NAME) values (8,53,'img','duke2.png');
Insert into CONTENTS_FILE (CONTENTS_FILE_ID,CONTENTS_ID,CONTENTS_FILE_TYPE,CONTENTS_FILE_NAME) values (9,60,'img','duke_swing.gif');
Insert into CONTENTS_FILE (CONTENTS_FILE_ID,CONTENTS_ID,CONTENTS_FILE_TYPE,CONTENTS_FILE_NAME) values (11,165,'img','2021106153225.jpg');
Insert into CONTENTS_FILE (CONTENTS_FILE_ID,CONTENTS_ID,CONTENTS_FILE_TYPE,CONTENTS_FILE_NAME) values (10,161,'img','삼성전자 알고리즘 대회-big - 복사본.jpg');
REM INSERTING into LIKES
SET DEFINE OFF;
Insert into LIKES (LIKES_ID,MEM_ID,LIKES_DATE,CONTENTS_ID) values (138,'20210904',to_date('21/10/05','RR/MM/DD'),6);
Insert into LIKES (LIKES_ID,MEM_ID,LIKES_DATE,CONTENTS_ID) values (2,'20210821',to_date('21/09/01','RR/MM/DD'),6);
Insert into LIKES (LIKES_ID,MEM_ID,LIKES_DATE,CONTENTS_ID) values (3,'20210822',to_date('21/09/01','RR/MM/DD'),7);
Insert into LIKES (LIKES_ID,MEM_ID,LIKES_DATE,CONTENTS_ID) values (4,'20210823',to_date('21/09/01','RR/MM/DD'),8);
Insert into LIKES (LIKES_ID,MEM_ID,LIKES_DATE,CONTENTS_ID) values (5,'20210824',to_date('21/09/01','RR/MM/DD'),151);
Insert into LIKES (LIKES_ID,MEM_ID,LIKES_DATE,CONTENTS_ID) values (6,'20210825',to_date('21/09/01','RR/MM/DD'),151);
Insert into LIKES (LIKES_ID,MEM_ID,LIKES_DATE,CONTENTS_ID) values (7,'20210826',to_date('21/09/02','RR/MM/DD'),151);
Insert into LIKES (LIKES_ID,MEM_ID,LIKES_DATE,CONTENTS_ID) values (8,'20210827',to_date('21/09/02','RR/MM/DD'),151);
Insert into LIKES (LIKES_ID,MEM_ID,LIKES_DATE,CONTENTS_ID) values (9,'20210828',to_date('21/09/02','RR/MM/DD'),14);
Insert into LIKES (LIKES_ID,MEM_ID,LIKES_DATE,CONTENTS_ID) values (10,'20210829',to_date('21/09/02','RR/MM/DD'),12);
Insert into LIKES (LIKES_ID,MEM_ID,LIKES_DATE,CONTENTS_ID) values (11,'20210830',to_date('21/09/03','RR/MM/DD'),12);
Insert into LIKES (LIKES_ID,MEM_ID,LIKES_DATE,CONTENTS_ID) values (12,'20210831',to_date('21/09/03','RR/MM/DD'),13);
Insert into LIKES (LIKES_ID,MEM_ID,LIKES_DATE,CONTENTS_ID) values (13,'20210901',to_date('21/09/04','RR/MM/DD'),14);
Insert into LIKES (LIKES_ID,MEM_ID,LIKES_DATE,CONTENTS_ID) values (14,'20210902',to_date('21/09/04','RR/MM/DD'),15);
Insert into LIKES (LIKES_ID,MEM_ID,LIKES_DATE,CONTENTS_ID) values (15,'20210903',to_date('21/09/04','RR/MM/DD'),15);
Insert into LIKES (LIKES_ID,MEM_ID,LIKES_DATE,CONTENTS_ID) values (16,'20210904',to_date('21/09/04','RR/MM/DD'),15);
Insert into LIKES (LIKES_ID,MEM_ID,LIKES_DATE,CONTENTS_ID) values (17,'20210905',to_date('21/09/04','RR/MM/DD'),15);
Insert into LIKES (LIKES_ID,MEM_ID,LIKES_DATE,CONTENTS_ID) values (18,'20210906',to_date('21/09/04','RR/MM/DD'),158);
Insert into LIKES (LIKES_ID,MEM_ID,LIKES_DATE,CONTENTS_ID) values (19,'20210907',to_date('21/09/05','RR/MM/DD'),158);
Insert into LIKES (LIKES_ID,MEM_ID,LIKES_DATE,CONTENTS_ID) values (20,'20210820',to_date('21/09/05','RR/MM/DD'),100);
Insert into LIKES (LIKES_ID,MEM_ID,LIKES_DATE,CONTENTS_ID) values (21,'20210821',to_date('21/09/05','RR/MM/DD'),100);
Insert into LIKES (LIKES_ID,MEM_ID,LIKES_DATE,CONTENTS_ID) values (22,'20210906',to_date('21/09/06','RR/MM/DD'),101);
Insert into LIKES (LIKES_ID,MEM_ID,LIKES_DATE,CONTENTS_ID) values (23,'20210907',to_date('21/09/06','RR/MM/DD'),101);
Insert into LIKES (LIKES_ID,MEM_ID,LIKES_DATE,CONTENTS_ID) values (24,'20210908',to_date('21/09/07','RR/MM/DD'),108);
Insert into LIKES (LIKES_ID,MEM_ID,LIKES_DATE,CONTENTS_ID) values (25,'20210822',to_date('21/09/07','RR/MM/DD'),108);
Insert into LIKES (LIKES_ID,MEM_ID,LIKES_DATE,CONTENTS_ID) values (26,'20210823',to_date('21/09/07','RR/MM/DD'),113);
Insert into LIKES (LIKES_ID,MEM_ID,LIKES_DATE,CONTENTS_ID) values (139,'20210904',to_date('21/10/05','RR/MM/DD'),102);
Insert into LIKES (LIKES_ID,MEM_ID,LIKES_DATE,CONTENTS_ID) values (28,'20210826',to_date('21/09/08','RR/MM/DD'),156);
Insert into LIKES (LIKES_ID,MEM_ID,LIKES_DATE,CONTENTS_ID) values (29,'20210903',to_date('21/09/08','RR/MM/DD'),157);
Insert into LIKES (LIKES_ID,MEM_ID,LIKES_DATE,CONTENTS_ID) values (30,'20210901',to_date('21/09/09','RR/MM/DD'),156);
Insert into LIKES (LIKES_ID,MEM_ID,LIKES_DATE,CONTENTS_ID) values (31,'20210826',to_date('21/09/09','RR/MM/DD'),157);
Insert into LIKES (LIKES_ID,MEM_ID,LIKES_DATE,CONTENTS_ID) values (32,'20210830',to_date('21/09/09','RR/MM/DD'),30);
Insert into LIKES (LIKES_ID,MEM_ID,LIKES_DATE,CONTENTS_ID) values (33,'20210831',to_date('21/09/09','RR/MM/DD'),30);
Insert into LIKES (LIKES_ID,MEM_ID,LIKES_DATE,CONTENTS_ID) values (34,'20210902',to_date('21/09/09','RR/MM/DD'),30);
Insert into LIKES (LIKES_ID,MEM_ID,LIKES_DATE,CONTENTS_ID) values (35,'20210907',to_date('21/09/09','RR/MM/DD'),30);
Insert into LIKES (LIKES_ID,MEM_ID,LIKES_DATE,CONTENTS_ID) values (36,'20210905',to_date('21/09/09','RR/MM/DD'),30);
Insert into LIKES (LIKES_ID,MEM_ID,LIKES_DATE,CONTENTS_ID) values (140,'20210904',to_date('21/10/06','RR/MM/DD'),30);
Insert into LIKES (LIKES_ID,MEM_ID,LIKES_DATE,CONTENTS_ID) values (38,'20210906',to_date('21/09/09','RR/MM/DD'),44);
Insert into LIKES (LIKES_ID,MEM_ID,LIKES_DATE,CONTENTS_ID) values (39,'20210908',to_date('21/09/09','RR/MM/DD'),44);
Insert into LIKES (LIKES_ID,MEM_ID,LIKES_DATE,CONTENTS_ID) values (40,'20210901',to_date('21/09/09','RR/MM/DD'),44);
Insert into LIKES (LIKES_ID,MEM_ID,LIKES_DATE,CONTENTS_ID) values (41,'20210902',to_date('21/09/09','RR/MM/DD'),44);
Insert into LIKES (LIKES_ID,MEM_ID,LIKES_DATE,CONTENTS_ID) values (42,'20210903',to_date('21/09/10','RR/MM/DD'),20);
Insert into LIKES (LIKES_ID,MEM_ID,LIKES_DATE,CONTENTS_ID) values (43,'20210824',to_date('21/09/10','RR/MM/DD'),21);
Insert into LIKES (LIKES_ID,MEM_ID,LIKES_DATE,CONTENTS_ID) values (44,'20210826',to_date('21/09/10','RR/MM/DD'),22);
Insert into LIKES (LIKES_ID,MEM_ID,LIKES_DATE,CONTENTS_ID) values (45,'20210827',to_date('21/09/10','RR/MM/DD'),20);
Insert into LIKES (LIKES_ID,MEM_ID,LIKES_DATE,CONTENTS_ID) values (46,'20210820',to_date('21/09/10','RR/MM/DD'),21);
Insert into LIKES (LIKES_ID,MEM_ID,LIKES_DATE,CONTENTS_ID) values (47,'20210822',to_date('21/09/11','RR/MM/DD'),22);
Insert into LIKES (LIKES_ID,MEM_ID,LIKES_DATE,CONTENTS_ID) values (48,'20210821',to_date('21/09/12','RR/MM/DD'),87);
Insert into LIKES (LIKES_ID,MEM_ID,LIKES_DATE,CONTENTS_ID) values (49,'20210825',to_date('21/09/12','RR/MM/DD'),87);
Insert into LIKES (LIKES_ID,MEM_ID,LIKES_DATE,CONTENTS_ID) values (50,'20210826',to_date('21/09/12','RR/MM/DD'),6);
Insert into LIKES (LIKES_ID,MEM_ID,LIKES_DATE,CONTENTS_ID) values (51,'20210827',to_date('21/09/12','RR/MM/DD'),6);
Insert into LIKES (LIKES_ID,MEM_ID,LIKES_DATE,CONTENTS_ID) values (52,'20210821',to_date('21/09/12','RR/MM/DD'),6);
Insert into LIKES (LIKES_ID,MEM_ID,LIKES_DATE,CONTENTS_ID) values (53,'20210826',to_date('21/09/12','RR/MM/DD'),95);
Insert into LIKES (LIKES_ID,MEM_ID,LIKES_DATE,CONTENTS_ID) values (54,'20210902',to_date('21/09/12','RR/MM/DD'),95);
Insert into LIKES (LIKES_ID,MEM_ID,LIKES_DATE,CONTENTS_ID) values (55,'20210907',to_date('21/09/12','RR/MM/DD'),95);
Insert into LIKES (LIKES_ID,MEM_ID,LIKES_DATE,CONTENTS_ID) values (56,'20210821',to_date('21/09/12','RR/MM/DD'),109);
Insert into LIKES (LIKES_ID,MEM_ID,LIKES_DATE,CONTENTS_ID) values (57,'20210824',to_date('21/09/13','RR/MM/DD'),8);
Insert into LIKES (LIKES_ID,MEM_ID,LIKES_DATE,CONTENTS_ID) values (58,'20210826',to_date('21/09/13','RR/MM/DD'),8);
Insert into LIKES (LIKES_ID,MEM_ID,LIKES_DATE,CONTENTS_ID) values (59,'20210821',to_date('21/09/14','RR/MM/DD'),8);
Insert into LIKES (LIKES_ID,MEM_ID,LIKES_DATE,CONTENTS_ID) values (60,'20210905',to_date('21/09/14','RR/MM/DD'),116);
Insert into LIKES (LIKES_ID,MEM_ID,LIKES_DATE,CONTENTS_ID) values (61,'20210826',to_date('21/09/14','RR/MM/DD'),159);
Insert into LIKES (LIKES_ID,MEM_ID,LIKES_DATE,CONTENTS_ID) values (62,'20210825',to_date('21/09/14','RR/MM/DD'),159);
Insert into LIKES (LIKES_ID,MEM_ID,LIKES_DATE,CONTENTS_ID) values (63,'20210828',to_date('21/09/15','RR/MM/DD'),69);
Insert into LIKES (LIKES_ID,MEM_ID,LIKES_DATE,CONTENTS_ID) values (64,'20210830',to_date('21/09/15','RR/MM/DD'),69);
Insert into LIKES (LIKES_ID,MEM_ID,LIKES_DATE,CONTENTS_ID) values (65,'20210831',to_date('21/09/15','RR/MM/DD'),159);
Insert into LIKES (LIKES_ID,MEM_ID,LIKES_DATE,CONTENTS_ID) values (66,'20210826',to_date('21/09/16','RR/MM/DD'),31);
Insert into LIKES (LIKES_ID,MEM_ID,LIKES_DATE,CONTENTS_ID) values (67,'20210828',to_date('21/09/16','RR/MM/DD'),31);
Insert into LIKES (LIKES_ID,MEM_ID,LIKES_DATE,CONTENTS_ID) values (68,'20210827',to_date('21/09/17','RR/MM/DD'),31);
Insert into LIKES (LIKES_ID,MEM_ID,LIKES_DATE,CONTENTS_ID) values (69,'20210820',to_date('21/09/17','RR/MM/DD'),70);
Insert into LIKES (LIKES_ID,MEM_ID,LIKES_DATE,CONTENTS_ID) values (70,'20210821',to_date('21/09/17','RR/MM/DD'),70);
Insert into LIKES (LIKES_ID,MEM_ID,LIKES_DATE,CONTENTS_ID) values (71,'20210822',to_date('21/09/17','RR/MM/DD'),71);
Insert into LIKES (LIKES_ID,MEM_ID,LIKES_DATE,CONTENTS_ID) values (72,'20210902',to_date('21/09/17','RR/MM/DD'),76);
Insert into LIKES (LIKES_ID,MEM_ID,LIKES_DATE,CONTENTS_ID) values (73,'20210903',to_date('21/09/17','RR/MM/DD'),76);
Insert into LIKES (LIKES_ID,MEM_ID,LIKES_DATE,CONTENTS_ID) values (74,'20210904',to_date('21/09/17','RR/MM/DD'),76);
Insert into LIKES (LIKES_ID,MEM_ID,LIKES_DATE,CONTENTS_ID) values (75,'20210905',to_date('21/09/18','RR/MM/DD'),31);
Insert into LIKES (LIKES_ID,MEM_ID,LIKES_DATE,CONTENTS_ID) values (76,'20210907',to_date('21/09/18','RR/MM/DD'),77);
Insert into LIKES (LIKES_ID,MEM_ID,LIKES_DATE,CONTENTS_ID) values (77,'20210908',to_date('21/09/19','RR/MM/DD'),77);
Insert into LIKES (LIKES_ID,MEM_ID,LIKES_DATE,CONTENTS_ID) values (78,'20210826',to_date('21/09/19','RR/MM/DD'),45);
Insert into LIKES (LIKES_ID,MEM_ID,LIKES_DATE,CONTENTS_ID) values (79,'20210827',to_date('21/09/19','RR/MM/DD'),45);
Insert into LIKES (LIKES_ID,MEM_ID,LIKES_DATE,CONTENTS_ID) values (80,'20210829',to_date('21/09/19','RR/MM/DD'),78);
Insert into LIKES (LIKES_ID,MEM_ID,LIKES_DATE,CONTENTS_ID) values (81,'20210830',to_date('21/09/19','RR/MM/DD'),45);
Insert into LIKES (LIKES_ID,MEM_ID,LIKES_DATE,CONTENTS_ID) values (82,'20210902',to_date('21/09/19','RR/MM/DD'),84);
Insert into LIKES (LIKES_ID,MEM_ID,LIKES_DATE,CONTENTS_ID) values (83,'20210901',to_date('21/09/19','RR/MM/DD'),85);
Insert into LIKES (LIKES_ID,MEM_ID,LIKES_DATE,CONTENTS_ID) values (84,'20210825',to_date('21/09/19','RR/MM/DD'),85);
Insert into LIKES (LIKES_ID,MEM_ID,LIKES_DATE,CONTENTS_ID) values (85,'20210822',to_date('21/09/19','RR/MM/DD'),52);
Insert into LIKES (LIKES_ID,MEM_ID,LIKES_DATE,CONTENTS_ID) values (86,'20210824',to_date('21/09/19','RR/MM/DD'),86);
Insert into LIKES (LIKES_ID,MEM_ID,LIKES_DATE,CONTENTS_ID) values (87,'20210821',to_date('21/09/19','RR/MM/DD'),86);
Insert into LIKES (LIKES_ID,MEM_ID,LIKES_DATE,CONTENTS_ID) values (88,'20210820',to_date('21/09/19','RR/MM/DD'),86);
Insert into LIKES (LIKES_ID,MEM_ID,LIKES_DATE,CONTENTS_ID) values (89,'20210825',to_date('21/09/19','RR/MM/DD'),103);
Insert into LIKES (LIKES_ID,MEM_ID,LIKES_DATE,CONTENTS_ID) values (90,'20210820',to_date('21/09/20','RR/MM/DD'),103);
Insert into LIKES (LIKES_ID,MEM_ID,LIKES_DATE,CONTENTS_ID) values (91,'20210821',to_date('21/09/20','RR/MM/DD'),92);
Insert into LIKES (LIKES_ID,MEM_ID,LIKES_DATE,CONTENTS_ID) values (92,'20210822',to_date('21/09/20','RR/MM/DD'),92);
Insert into LIKES (LIKES_ID,MEM_ID,LIKES_DATE,CONTENTS_ID) values (93,'20210825',to_date('21/09/20','RR/MM/DD'),92);
Insert into LIKES (LIKES_ID,MEM_ID,LIKES_DATE,CONTENTS_ID) values (94,'20210822',to_date('21/09/20','RR/MM/DD'),92);
Insert into LIKES (LIKES_ID,MEM_ID,LIKES_DATE,CONTENTS_ID) values (95,'20210821',to_date('21/09/20','RR/MM/DD'),110);
Insert into LIKES (LIKES_ID,MEM_ID,LIKES_DATE,CONTENTS_ID) values (96,'20210829',to_date('21/09/21','RR/MM/DD'),93);
Insert into LIKES (LIKES_ID,MEM_ID,LIKES_DATE,CONTENTS_ID) values (97,'20210828',to_date('21/09/21','RR/MM/DD'),93);
Insert into LIKES (LIKES_ID,MEM_ID,LIKES_DATE,CONTENTS_ID) values (98,'20210830',to_date('21/09/21','RR/MM/DD'),110);
Insert into LIKES (LIKES_ID,MEM_ID,LIKES_DATE,CONTENTS_ID) values (99,'20210831',to_date('21/09/22','RR/MM/DD'),110);
Insert into LIKES (LIKES_ID,MEM_ID,LIKES_DATE,CONTENTS_ID) values (100,'20210820',to_date('21/09/22','RR/MM/DD'),110);
Insert into LIKES (LIKES_ID,MEM_ID,LIKES_DATE,CONTENTS_ID) values (101,'20210902',to_date('21/09/22','RR/MM/DD'),94);
Insert into LIKES (LIKES_ID,MEM_ID,LIKES_DATE,CONTENTS_ID) values (102,'20210820',to_date('21/09/22','RR/MM/DD'),117);
Insert into LIKES (LIKES_ID,MEM_ID,LIKES_DATE,CONTENTS_ID) values (103,'20210907',to_date('21/09/23','RR/MM/DD'),117);
Insert into LIKES (LIKES_ID,MEM_ID,LIKES_DATE,CONTENTS_ID) values (105,'20210821',to_date('21/09/23','RR/MM/DD'),124);
Insert into LIKES (LIKES_ID,MEM_ID,LIKES_DATE,CONTENTS_ID) values (106,'20210822',to_date('21/09/23','RR/MM/DD'),115);
Insert into LIKES (LIKES_ID,MEM_ID,LIKES_DATE,CONTENTS_ID) values (107,'20210823',to_date('21/09/23','RR/MM/DD'),124);
Insert into LIKES (LIKES_ID,MEM_ID,LIKES_DATE,CONTENTS_ID) values (104,'20210820',to_date('21/09/23','RR/MM/DD'),115);
Insert into LIKES (LIKES_ID,MEM_ID,LIKES_DATE,CONTENTS_ID) values (108,'20210820',to_date('21/09/23','RR/MM/DD'),39);
Insert into LIKES (LIKES_ID,MEM_ID,LIKES_DATE,CONTENTS_ID) values (109,'20210821',to_date('21/09/23','RR/MM/DD'),39);
Insert into LIKES (LIKES_ID,MEM_ID,LIKES_DATE,CONTENTS_ID) values (110,'20210822',to_date('21/09/23','RR/MM/DD'),115);
Insert into LIKES (LIKES_ID,MEM_ID,LIKES_DATE,CONTENTS_ID) values (111,'20210820',to_date('21/09/24','RR/MM/DD'),46);
Insert into LIKES (LIKES_ID,MEM_ID,LIKES_DATE,CONTENTS_ID) values (112,'20210821',to_date('21/09/24','RR/MM/DD'),46);
Insert into LIKES (LIKES_ID,MEM_ID,LIKES_DATE,CONTENTS_ID) values (113,'20210820',to_date('21/09/24','RR/MM/DD'),53);
Insert into LIKES (LIKES_ID,MEM_ID,LIKES_DATE,CONTENTS_ID) values (114,'20210821',to_date('21/09/24','RR/MM/DD'),53);
Insert into LIKES (LIKES_ID,MEM_ID,LIKES_DATE,CONTENTS_ID) values (115,'20210822',to_date('21/09/24','RR/MM/DD'),53);
Insert into LIKES (LIKES_ID,MEM_ID,LIKES_DATE,CONTENTS_ID) values (116,'20210823',to_date('21/09/25','RR/MM/DD'),53);
Insert into LIKES (LIKES_ID,MEM_ID,LIKES_DATE,CONTENTS_ID) values (117,'20210820',to_date('21/09/25','RR/MM/DD'),60);
Insert into LIKES (LIKES_ID,MEM_ID,LIKES_DATE,CONTENTS_ID) values (118,'20210822',to_date('21/09/26','RR/MM/DD'),133);
Insert into LIKES (LIKES_ID,MEM_ID,LIKES_DATE,CONTENTS_ID) values (119,'20210902',to_date('21/09/26','RR/MM/DD'),133);
Insert into LIKES (LIKES_ID,MEM_ID,LIKES_DATE,CONTENTS_ID) values (120,'20210907',to_date('21/09/26','RR/MM/DD'),133);
Insert into LIKES (LIKES_ID,MEM_ID,LIKES_DATE,CONTENTS_ID) values (121,'20210908',to_date('21/09/26','RR/MM/DD'),60);
Insert into LIKES (LIKES_ID,MEM_ID,LIKES_DATE,CONTENTS_ID) values (122,'20210901',to_date('21/09/26','RR/MM/DD'),60);
Insert into LIKES (LIKES_ID,MEM_ID,LIKES_DATE,CONTENTS_ID) values (123,'20210820',to_date('21/09/26','RR/MM/DD'),111);
Insert into LIKES (LIKES_ID,MEM_ID,LIKES_DATE,CONTENTS_ID) values (124,'20210821',to_date('21/09/26','RR/MM/DD'),156);
Insert into LIKES (LIKES_ID,MEM_ID,LIKES_DATE,CONTENTS_ID) values (125,'20210822',to_date('21/09/26','RR/MM/DD'),156);
Insert into LIKES (LIKES_ID,MEM_ID,LIKES_DATE,CONTENTS_ID) values (126,'20210823',to_date('21/09/26','RR/MM/DD'),156);
Insert into LIKES (LIKES_ID,MEM_ID,LIKES_DATE,CONTENTS_ID) values (127,'20210824',to_date('21/09/26','RR/MM/DD'),156);
Insert into LIKES (LIKES_ID,MEM_ID,LIKES_DATE,CONTENTS_ID) values (128,'20210825',to_date('21/09/27','RR/MM/DD'),156);
Insert into LIKES (LIKES_ID,MEM_ID,LIKES_DATE,CONTENTS_ID) values (129,'20210826',to_date('21/09/27','RR/MM/DD'),111);
Insert into LIKES (LIKES_ID,MEM_ID,LIKES_DATE,CONTENTS_ID) values (130,'20210827',to_date('21/09/27','RR/MM/DD'),111);
Insert into LIKES (LIKES_ID,MEM_ID,LIKES_DATE,CONTENTS_ID) values (131,'20210828',to_date('21/09/28','RR/MM/DD'),157);
Insert into LIKES (LIKES_ID,MEM_ID,LIKES_DATE,CONTENTS_ID) values (132,'20210829',to_date('21/09/29','RR/MM/DD'),111);
Insert into LIKES (LIKES_ID,MEM_ID,LIKES_DATE,CONTENTS_ID) values (133,'20210820',to_date('21/09/29','RR/MM/DD'),118);
Insert into LIKES (LIKES_ID,MEM_ID,LIKES_DATE,CONTENTS_ID) values (134,'20210902',to_date('21/09/30','RR/MM/DD'),118);
Insert into LIKES (LIKES_ID,MEM_ID,LIKES_DATE,CONTENTS_ID) values (135,'20210820',to_date('21/09/30','RR/MM/DD'),157);
Insert into LIKES (LIKES_ID,MEM_ID,LIKES_DATE,CONTENTS_ID) values (1,'20210820',to_date('21/10/04','RR/MM/DD'),5);
Insert into LIKES (LIKES_ID,MEM_ID,LIKES_DATE,CONTENTS_ID) values (142,'20210904',to_date('21/10/06','RR/MM/DD'),165);
Insert into LIKES (LIKES_ID,MEM_ID,LIKES_DATE,CONTENTS_ID) values (141,'20210904',to_date('21/10/06','RR/MM/DD'),23);
REM INSERTING into MAIN_NOTICE
SET DEFINE OFF;
Insert into MAIN_NOTICE (MAIN_NOTICE_ID,ADMIN_ID,MAIN_NOTICE_TEXT,MAIN_NOTICE_DATE,MAIN_NOTICE_TITLE,MAIN_NOTICE_VIEW) values (1,'1','30일에 서버 점검이 진행됩니다.',to_date('21/09/09','RR/MM/DD'),'서버 점검 안내',25);
Insert into MAIN_NOTICE (MAIN_NOTICE_ID,ADMIN_ID,MAIN_NOTICE_TEXT,MAIN_NOTICE_DATE,MAIN_NOTICE_TITLE,MAIN_NOTICE_VIEW) values (3,'3','이번달 점검사항은 서버 안정화를 위한 점검이였습니다. 감사합니다.',to_date('21/09/09','RR/MM/DD'),'점검사항 안내.',5);
Insert into MAIN_NOTICE (MAIN_NOTICE_ID,ADMIN_ID,MAIN_NOTICE_TEXT,MAIN_NOTICE_DATE,MAIN_NOTICE_TITLE,MAIN_NOTICE_VIEW) values (2,'2','안녕하세요 트스테콘입니다. 저희 사이트는 온라인 경진대회 사이트입니다.',to_date('21/09/09','RR/MM/DD'),'메인 공지사항',100);
REM INSERTING into MAIN_NOTICE_FILE
SET DEFINE OFF;
Insert into MAIN_NOTICE_FILE (MAIN_NOTICE_FILE_ID,MAIN_NOTICE_ID,MAIN_NOTICE_FILE_NAME,MAIN_NOTICE_FILE_TYPE) values (1,1,'점검 이미지.png','img');
Insert into MAIN_NOTICE_FILE (MAIN_NOTICE_FILE_ID,MAIN_NOTICE_ID,MAIN_NOTICE_FILE_NAME,MAIN_NOTICE_FILE_TYPE) values (2,2,'트스테콘.png','img');
Insert into MAIN_NOTICE_FILE (MAIN_NOTICE_FILE_ID,MAIN_NOTICE_ID,MAIN_NOTICE_FILE_NAME,MAIN_NOTICE_FILE_TYPE) values (3,3,'공구.png','img');
REM INSERTING into MEMBER
SET DEFINE OFF;
Insert into MEMBER (MEM_ID,MEM_PWD,MEM_NAME,MEM_NICKNAME,MEM_STU_ID,MEM_DEPT,MEM_MAJOR,MEM_GRADE,MEM_TEL1,MEM_TEL2,MEM_TEL3,MEM_PHONE1,MEM_PHONE2,MEM_PHONE3,MEM_EMAIL1,MEM_EMAIL2,MEM_NEW_ADDR,MEM_OLD_ADDR,MEM_DETAIL_ADDR,MEM_ZIPCODE,MEM_CONTENTS_ALERT,MEM_PUSH_ALERT) values ('20210820','asd1234!','홍길동','홍길동','20210820','중능대','건축과',4,null,null,null,10,1234,4567,'gildong','naver.com','대전광역시 서구 갈마역로 22','대전광역시 서구 둔산동 1093','리베라스위트빌',35230,'Y','Y');
Insert into MEMBER (MEM_ID,MEM_PWD,MEM_NAME,MEM_NICKNAME,MEM_STU_ID,MEM_DEPT,MEM_MAJOR,MEM_GRADE,MEM_TEL1,MEM_TEL2,MEM_TEL3,MEM_PHONE1,MEM_PHONE2,MEM_PHONE3,MEM_EMAIL1,MEM_EMAIL2,MEM_NEW_ADDR,MEM_OLD_ADDR,MEM_DETAIL_ADDR,MEM_ZIPCODE,MEM_CONTENTS_ALERT,MEM_PUSH_ALERT) values ('20210821','asd1234!','고길동','싸이','20210821','중능대','건설정보과',3,42,123,4567,10,1334,4557,'gildongs','naver.com','대전광역시 서구 갈마역로 14','대전광역시 서구 둔산동 1095','하이스트빌',35230,'Y','Y');
Insert into MEMBER (MEM_ID,MEM_PWD,MEM_NAME,MEM_NICKNAME,MEM_STU_ID,MEM_DEPT,MEM_MAJOR,MEM_GRADE,MEM_TEL1,MEM_TEL2,MEM_TEL3,MEM_PHONE1,MEM_PHONE2,MEM_PHONE3,MEM_EMAIL1,MEM_EMAIL2,MEM_NEW_ADDR,MEM_OLD_ADDR,MEM_DETAIL_ADDR,MEM_ZIPCODE,MEM_CONTENTS_ALERT,MEM_PUSH_ALERT) values ('20210822','asd1234!','황인택','손연재','20210822','중능대','IT융합학과',3,42,132,4467,10,3234,4527,'intaek','naver.com','대전광역시 서구 갈마역로 10','대전광역시 서구 둔산동 1095','두양리체스',35230,'N','N');
Insert into MEMBER (MEM_ID,MEM_PWD,MEM_NAME,MEM_NICKNAME,MEM_STU_ID,MEM_DEPT,MEM_MAJOR,MEM_GRADE,MEM_TEL1,MEM_TEL2,MEM_TEL3,MEM_PHONE1,MEM_PHONE2,MEM_PHONE3,MEM_EMAIL1,MEM_EMAIL2,MEM_NEW_ADDR,MEM_OLD_ADDR,MEM_DETAIL_ADDR,MEM_ZIPCODE,MEM_CONTENTS_ALERT,MEM_PUSH_ALERT) values ('20210823','asd1234!','이준석','이준석','20210823','중능대','컴퓨터정보과',2,42,123,4567,10,3352,1601,'ljk1448','naver.com','대전광역시 서구 대덕대로185번길 25','대전광역시 서구 둔산동 1105','진우빌딩',35233,'Y','N');
Insert into MEMBER (MEM_ID,MEM_PWD,MEM_NAME,MEM_NICKNAME,MEM_STU_ID,MEM_DEPT,MEM_MAJOR,MEM_GRADE,MEM_TEL1,MEM_TEL2,MEM_TEL3,MEM_PHONE1,MEM_PHONE2,MEM_PHONE3,MEM_EMAIL1,MEM_EMAIL2,MEM_NEW_ADDR,MEM_OLD_ADDR,MEM_DETAIL_ADDR,MEM_ZIPCODE,MEM_CONTENTS_ALERT,MEM_PUSH_ALERT) values ('20210824','asd1234!','이성현','김연아','20210824','중능대','건축과',4,42,321,4412,10,1134,6557,'seohyeon','gmail.com','대전광역시 서구 둔산로73번길 38','대전광역시 서구 둔산동 1310','스테이어반',35233,'N','N');
Insert into MEMBER (MEM_ID,MEM_PWD,MEM_NAME,MEM_NICKNAME,MEM_STU_ID,MEM_DEPT,MEM_MAJOR,MEM_GRADE,MEM_TEL1,MEM_TEL2,MEM_TEL3,MEM_PHONE1,MEM_PHONE2,MEM_PHONE3,MEM_EMAIL1,MEM_EMAIL2,MEM_NEW_ADDR,MEM_OLD_ADDR,MEM_DETAIL_ADDR,MEM_ZIPCODE,MEM_CONTENTS_ALERT,MEM_PUSH_ALERT) values ('20210825','asd1234!','이몽룡','아이유','20210825','중능대','게임공학과',3,42,153,4237,10,1124,4657,'mongryong','daum.net','대전광역시 서구 둔산로31번길 50','대전광역시 서구 둔산동 1006','크리스탈빌딩',35229,'N','Y');
Insert into MEMBER (MEM_ID,MEM_PWD,MEM_NAME,MEM_NICKNAME,MEM_STU_ID,MEM_DEPT,MEM_MAJOR,MEM_GRADE,MEM_TEL1,MEM_TEL2,MEM_TEL3,MEM_PHONE1,MEM_PHONE2,MEM_PHONE3,MEM_EMAIL1,MEM_EMAIL2,MEM_NEW_ADDR,MEM_OLD_ADDR,MEM_DETAIL_ADDR,MEM_ZIPCODE,MEM_CONTENTS_ALERT,MEM_PUSH_ALERT) values ('20210826','asd1234!','김성준','차범근','20210826','중능대','경찰행정과',1,42,134,4787,10,1394,957,'seongjun','gmail.com','대전광역시 서구 대덕대로233번길 28','대전광역시 서구 둔산동 1007','국제빌딩',35229,'Y','Y');
Insert into MEMBER (MEM_ID,MEM_PWD,MEM_NAME,MEM_NICKNAME,MEM_STU_ID,MEM_DEPT,MEM_MAJOR,MEM_GRADE,MEM_TEL1,MEM_TEL2,MEM_TEL3,MEM_PHONE1,MEM_PHONE2,MEM_PHONE3,MEM_EMAIL1,MEM_EMAIL2,MEM_NEW_ADDR,MEM_OLD_ADDR,MEM_DETAIL_ADDR,MEM_ZIPCODE,MEM_CONTENTS_ALERT,MEM_PUSH_ALERT) values ('20210827','asd1234!','권예림','손흥민','20210827','중능대','경영학과',1,42,563,4667,10,2345,5678,'yerim','naver.com','대전광역시 서구 둔산로31번길 38','대전광역시 서구 둔산동 1008','우전빌딩',35229,'Y','Y');
Insert into MEMBER (MEM_ID,MEM_PWD,MEM_NAME,MEM_NICKNAME,MEM_STU_ID,MEM_DEPT,MEM_MAJOR,MEM_GRADE,MEM_TEL1,MEM_TEL2,MEM_TEL3,MEM_PHONE1,MEM_PHONE2,MEM_PHONE3,MEM_EMAIL1,MEM_EMAIL2,MEM_NEW_ADDR,MEM_OLD_ADDR,MEM_DETAIL_ADDR,MEM_ZIPCODE,MEM_CONTENTS_ALERT,MEM_PUSH_ALERT) values ('20210829','asd1234!','뽀로로','뽀로로','20210821','중능대','누구랑놀과',3,42,123,4557,10,1544,4557,'bbororo','naver.com','대전광역시 서구 둔산로31번길 32','대전광역시 서구 둔산동 1009','우정빌딩',35229,'Y','Y');
Insert into MEMBER (MEM_ID,MEM_PWD,MEM_NAME,MEM_NICKNAME,MEM_STU_ID,MEM_DEPT,MEM_MAJOR,MEM_GRADE,MEM_TEL1,MEM_TEL2,MEM_TEL3,MEM_PHONE1,MEM_PHONE2,MEM_PHONE3,MEM_EMAIL1,MEM_EMAIL2,MEM_NEW_ADDR,MEM_OLD_ADDR,MEM_DETAIL_ADDR,MEM_ZIPCODE,MEM_CONTENTS_ALERT,MEM_PUSH_ALERT) values ('20210831','asd1234!','또치','김범수','20210831','중능대','가족복지과',4,null,null,null,10,1564,4567,'ddochi','naver.com','대전광역시 서구 둔산로31번길 32','대전광역시 서구 둔산동 1009','우정빌딩',35229,'Y','Y');
Insert into MEMBER (MEM_ID,MEM_PWD,MEM_NAME,MEM_NICKNAME,MEM_STU_ID,MEM_DEPT,MEM_MAJOR,MEM_GRADE,MEM_TEL1,MEM_TEL2,MEM_TEL3,MEM_PHONE1,MEM_PHONE2,MEM_PHONE3,MEM_EMAIL1,MEM_EMAIL2,MEM_NEW_ADDR,MEM_OLD_ADDR,MEM_DETAIL_ADDR,MEM_ZIPCODE,MEM_CONTENTS_ALERT,MEM_PUSH_ALERT) values ('20210901','asd1234!','나루토','나루토','20210901','중능대','싸움실화과',3,null,null,null,10,1234,5566,'naruto','naver.com','대전광역시 서구 둔산로31번길 16','대전광역시 서구 둔산동 1011','갤러리아백화점주차타워',35229,'Y','Y');
Insert into MEMBER (MEM_ID,MEM_PWD,MEM_NAME,MEM_NICKNAME,MEM_STU_ID,MEM_DEPT,MEM_MAJOR,MEM_GRADE,MEM_TEL1,MEM_TEL2,MEM_TEL3,MEM_PHONE1,MEM_PHONE2,MEM_PHONE3,MEM_EMAIL1,MEM_EMAIL2,MEM_NEW_ADDR,MEM_OLD_ADDR,MEM_DETAIL_ADDR,MEM_ZIPCODE,MEM_CONTENTS_ALERT,MEM_PUSH_ALERT) values ('20210902','asd1234!','사스케','박지성','20210902','중능대','싸움실화과',3,null,null,null,10,1234,7767,'sasuke','naver.com','대전광역시 서구 둔산로31번길 16','대전광역시 서구 둔산동 1011','갤러리아백화점주차타워',35229,'Y','Y');
Insert into MEMBER (MEM_ID,MEM_PWD,MEM_NAME,MEM_NICKNAME,MEM_STU_ID,MEM_DEPT,MEM_MAJOR,MEM_GRADE,MEM_TEL1,MEM_TEL2,MEM_TEL3,MEM_PHONE1,MEM_PHONE2,MEM_PHONE3,MEM_EMAIL1,MEM_EMAIL2,MEM_NEW_ADDR,MEM_OLD_ADDR,MEM_DETAIL_ADDR,MEM_ZIPCODE,MEM_CONTENTS_ALERT,MEM_PUSH_ALERT) values ('20210906','asd1234!','크롱','크롱','20210906','중능대','이제말해볼과',3,42,663,4566,10,6634,4557,'crong','naver.com','대전광역시 서구 둔산로31번길 32','대전광역시 서구 둔산동 1009','우정빌딩',35229,'Y','Y');
Insert into MEMBER (MEM_ID,MEM_PWD,MEM_NAME,MEM_NICKNAME,MEM_STU_ID,MEM_DEPT,MEM_MAJOR,MEM_GRADE,MEM_TEL1,MEM_TEL2,MEM_TEL3,MEM_PHONE1,MEM_PHONE2,MEM_PHONE3,MEM_EMAIL1,MEM_EMAIL2,MEM_NEW_ADDR,MEM_OLD_ADDR,MEM_DETAIL_ADDR,MEM_ZIPCODE,MEM_CONTENTS_ALERT,MEM_PUSH_ALERT) values ('20210907','asd1234!','루피','루피','20210907','중능대','군침이싹돌과',3,42,123,4567,10,1334,4557,'loopy','naver.com','대전광역시 서구 둔산로31번길 38','대전광역시 서구 둔산동 1008','우전빌딩',35229,'Y','Y');
Insert into MEMBER (MEM_ID,MEM_PWD,MEM_NAME,MEM_NICKNAME,MEM_STU_ID,MEM_DEPT,MEM_MAJOR,MEM_GRADE,MEM_TEL1,MEM_TEL2,MEM_TEL3,MEM_PHONE1,MEM_PHONE2,MEM_PHONE3,MEM_EMAIL1,MEM_EMAIL2,MEM_NEW_ADDR,MEM_OLD_ADDR,MEM_DETAIL_ADDR,MEM_ZIPCODE,MEM_CONTENTS_ALERT,MEM_PUSH_ALERT) values ('20210828','asd1234!','둘리','호잇','20210828','중능대','호잇과',4,42,563,4769,10,9876,4657,'duli','naver.com','대전광역시 서구 둔산로31번길 32','대전광역시 서구 둔산동 1009','우정빌딩',35229,'Y','Y');
Insert into MEMBER (MEM_ID,MEM_PWD,MEM_NAME,MEM_NICKNAME,MEM_STU_ID,MEM_DEPT,MEM_MAJOR,MEM_GRADE,MEM_TEL1,MEM_TEL2,MEM_TEL3,MEM_PHONE1,MEM_PHONE2,MEM_PHONE3,MEM_EMAIL1,MEM_EMAIL2,MEM_NEW_ADDR,MEM_OLD_ADDR,MEM_DETAIL_ADDR,MEM_ZIPCODE,MEM_CONTENTS_ALERT,MEM_PUSH_ALERT) values ('20210830','asd1234!','도우너','박효신','20210830','중능대','어딜과',4,null,null,null,10,1567,4777,'douner','naver.com','대전광역시 서구 둔산로31번길 32','대전광역시 서구 둔산동 1009','우정빌딩',35229,'Y','Y');
Insert into MEMBER (MEM_ID,MEM_PWD,MEM_NAME,MEM_NICKNAME,MEM_STU_ID,MEM_DEPT,MEM_MAJOR,MEM_GRADE,MEM_TEL1,MEM_TEL2,MEM_TEL3,MEM_PHONE1,MEM_PHONE2,MEM_PHONE3,MEM_EMAIL1,MEM_EMAIL2,MEM_NEW_ADDR,MEM_OLD_ADDR,MEM_DETAIL_ADDR,MEM_ZIPCODE,MEM_CONTENTS_ALERT,MEM_PUSH_ALERT) values ('20210903','asd1234!','이름뭐','윤종신','202100903','중능대','이름뭐할과',1,null,null,null,10,1655,4787,'noname','naver.com','대전광역시 서구 갈마역로 22','대전광역시 서구 둔산동 1093','리베라스위트빌',35230,'N','Y');
Insert into MEMBER (MEM_ID,MEM_PWD,MEM_NAME,MEM_NICKNAME,MEM_STU_ID,MEM_DEPT,MEM_MAJOR,MEM_GRADE,MEM_TEL1,MEM_TEL2,MEM_TEL3,MEM_PHONE1,MEM_PHONE2,MEM_PHONE3,MEM_EMAIL1,MEM_EMAIL2,MEM_NEW_ADDR,MEM_OLD_ADDR,MEM_DETAIL_ADDR,MEM_ZIPCODE,MEM_CONTENTS_ALERT,MEM_PUSH_ALERT) values ('20210904','123','이순신','이순신','20210904','중능대','내죽음알리과',4,null,null,null,10,1222,4556,'lee','naver.com','대전광역시 서구 대덕대로241번길 20','대전광역시 서구 둔산동 1022','대전둔산빌딩',35229,'Y','Y');
Insert into MEMBER (MEM_ID,MEM_PWD,MEM_NAME,MEM_NICKNAME,MEM_STU_ID,MEM_DEPT,MEM_MAJOR,MEM_GRADE,MEM_TEL1,MEM_TEL2,MEM_TEL3,MEM_PHONE1,MEM_PHONE2,MEM_PHONE3,MEM_EMAIL1,MEM_EMAIL2,MEM_NEW_ADDR,MEM_OLD_ADDR,MEM_DETAIL_ADDR,MEM_ZIPCODE,MEM_CONTENTS_ALERT,MEM_PUSH_ALERT) values ('20210905','asd1234!','세종','세종','20210905','중능대','한글만들과',3,42,153,4677,10,1234,2357,'sejong','naver.com','대전광역시 서구 대덕대로241번길 20','대전광역시 서구 둔산동 1022','대전둔산빌딩',35229,'Y','Y');
Insert into MEMBER (MEM_ID,MEM_PWD,MEM_NAME,MEM_NICKNAME,MEM_STU_ID,MEM_DEPT,MEM_MAJOR,MEM_GRADE,MEM_TEL1,MEM_TEL2,MEM_TEL3,MEM_PHONE1,MEM_PHONE2,MEM_PHONE3,MEM_EMAIL1,MEM_EMAIL2,MEM_NEW_ADDR,MEM_OLD_ADDR,MEM_DETAIL_ADDR,MEM_ZIPCODE,MEM_CONTENTS_ALERT,MEM_PUSH_ALERT) values ('20210908','asd1234!','마지막','박태환','20210908','중능대','진짜마지막과',3,42,163,4577,10,1774,4557,'finish','naver.com','대전광역시 서구 갈마역로 14','대전광역시 서구 둔산동 1095','하이스트빌',35230,'Y','Y');
Insert into MEMBER (MEM_ID,MEM_PWD,MEM_NAME,MEM_NICKNAME,MEM_STU_ID,MEM_DEPT,MEM_MAJOR,MEM_GRADE,MEM_TEL1,MEM_TEL2,MEM_TEL3,MEM_PHONE1,MEM_PHONE2,MEM_PHONE3,MEM_EMAIL1,MEM_EMAIL2,MEM_NEW_ADDR,MEM_OLD_ADDR,MEM_DETAIL_ADDR,MEM_ZIPCODE,MEM_CONTENTS_ALERT,MEM_PUSH_ALERT) values ('5542','1234','고성호','고성호','5542','중능대','진짜마지막과',3,42,163,4577,10,1774,4557,'ko','naver.com','대전광역시 서구 갈마역로 14','대전광역시 서구 둔산동 1095','하이스트빌',35230,'Y','Y');
Insert into MEMBER (MEM_ID,MEM_PWD,MEM_NAME,MEM_NICKNAME,MEM_STU_ID,MEM_DEPT,MEM_MAJOR,MEM_GRADE,MEM_TEL1,MEM_TEL2,MEM_TEL3,MEM_PHONE1,MEM_PHONE2,MEM_PHONE3,MEM_EMAIL1,MEM_EMAIL2,MEM_NEW_ADDR,MEM_OLD_ADDR,MEM_DETAIL_ADDR,MEM_ZIPCODE,MEM_CONTENTS_ALERT,MEM_PUSH_ALERT) values ('3590','1234','권선열','권선열','3590','중능대','진짜마지막과',4,null,null,null,10,1234,4567,null,null,'대전광역시 서구 갈마역로 22','대전광역시 서구 둔산동 1093','리베라스위트빌',35230,'Y','Y');
Insert into MEMBER (MEM_ID,MEM_PWD,MEM_NAME,MEM_NICKNAME,MEM_STU_ID,MEM_DEPT,MEM_MAJOR,MEM_GRADE,MEM_TEL1,MEM_TEL2,MEM_TEL3,MEM_PHONE1,MEM_PHONE2,MEM_PHONE3,MEM_EMAIL1,MEM_EMAIL2,MEM_NEW_ADDR,MEM_OLD_ADDR,MEM_DETAIL_ADDR,MEM_ZIPCODE,MEM_CONTENTS_ALERT,MEM_PUSH_ALERT) values ('8052','1234','권예림','권예림','8052','중능대','진짜마지막과',3,null,null,null,10,1334,4557,null,null,'대전광역시 서구 갈마역로 14','대전광역시 서구 둔산동 1095','하이스트빌',35230,'Y','Y');
Insert into MEMBER (MEM_ID,MEM_PWD,MEM_NAME,MEM_NICKNAME,MEM_STU_ID,MEM_DEPT,MEM_MAJOR,MEM_GRADE,MEM_TEL1,MEM_TEL2,MEM_TEL3,MEM_PHONE1,MEM_PHONE2,MEM_PHONE3,MEM_EMAIL1,MEM_EMAIL2,MEM_NEW_ADDR,MEM_OLD_ADDR,MEM_DETAIL_ADDR,MEM_ZIPCODE,MEM_CONTENTS_ALERT,MEM_PUSH_ALERT) values ('3258','1234','권칠용','권칠용','3258','중능대','진짜마지막과',3,null,null,null,10,3234,4527,null,null,'대전광역시 서구 갈마역로 10','대전광역시 서구 둔산동 1095','두양리체스',35230,'N','N');
Insert into MEMBER (MEM_ID,MEM_PWD,MEM_NAME,MEM_NICKNAME,MEM_STU_ID,MEM_DEPT,MEM_MAJOR,MEM_GRADE,MEM_TEL1,MEM_TEL2,MEM_TEL3,MEM_PHONE1,MEM_PHONE2,MEM_PHONE3,MEM_EMAIL1,MEM_EMAIL2,MEM_NEW_ADDR,MEM_OLD_ADDR,MEM_DETAIL_ADDR,MEM_ZIPCODE,MEM_CONTENTS_ALERT,MEM_PUSH_ALERT) values ('8287','1234','김명지','김명지','8287','중능대','진짜마지막과',2,null,null,null,10,3352,1601,null,null,'대전광역시 서구 대덕대로185번길 25','대전광역시 서구 둔산동 1105','진우빌딩',35233,'Y','N');
Insert into MEMBER (MEM_ID,MEM_PWD,MEM_NAME,MEM_NICKNAME,MEM_STU_ID,MEM_DEPT,MEM_MAJOR,MEM_GRADE,MEM_TEL1,MEM_TEL2,MEM_TEL3,MEM_PHONE1,MEM_PHONE2,MEM_PHONE3,MEM_EMAIL1,MEM_EMAIL2,MEM_NEW_ADDR,MEM_OLD_ADDR,MEM_DETAIL_ADDR,MEM_ZIPCODE,MEM_CONTENTS_ALERT,MEM_PUSH_ALERT) values ('8698','1234','김병호','김병호','8698','중능대','진짜마지막과',4,null,null,null,10,1134,6557,null,null,'대전광역시 서구 둔산로73번길 38','대전광역시 서구 둔산동 1310','스테이어반',35233,'N','N');
Insert into MEMBER (MEM_ID,MEM_PWD,MEM_NAME,MEM_NICKNAME,MEM_STU_ID,MEM_DEPT,MEM_MAJOR,MEM_GRADE,MEM_TEL1,MEM_TEL2,MEM_TEL3,MEM_PHONE1,MEM_PHONE2,MEM_PHONE3,MEM_EMAIL1,MEM_EMAIL2,MEM_NEW_ADDR,MEM_OLD_ADDR,MEM_DETAIL_ADDR,MEM_ZIPCODE,MEM_CONTENTS_ALERT,MEM_PUSH_ALERT) values ('1933','1234','김성준','김성준','1933','중능대','진짜마지막과',3,null,null,null,10,1124,4657,null,null,'대전광역시 서구 둔산로31번길 50','대전광역시 서구 둔산동 1006','크리스탈빌딩',35229,'N','Y');
Insert into MEMBER (MEM_ID,MEM_PWD,MEM_NAME,MEM_NICKNAME,MEM_STU_ID,MEM_DEPT,MEM_MAJOR,MEM_GRADE,MEM_TEL1,MEM_TEL2,MEM_TEL3,MEM_PHONE1,MEM_PHONE2,MEM_PHONE3,MEM_EMAIL1,MEM_EMAIL2,MEM_NEW_ADDR,MEM_OLD_ADDR,MEM_DETAIL_ADDR,MEM_ZIPCODE,MEM_CONTENTS_ALERT,MEM_PUSH_ALERT) values ('9857','1234','김영은','김영은','9857','중능대','진짜마지막과',1,null,null,null,10,1394,957,null,null,'대전광역시 서구 대덕대로233번길 28','대전광역시 서구 둔산동 1007','국제빌딩',35229,'Y','Y');
Insert into MEMBER (MEM_ID,MEM_PWD,MEM_NAME,MEM_NICKNAME,MEM_STU_ID,MEM_DEPT,MEM_MAJOR,MEM_GRADE,MEM_TEL1,MEM_TEL2,MEM_TEL3,MEM_PHONE1,MEM_PHONE2,MEM_PHONE3,MEM_EMAIL1,MEM_EMAIL2,MEM_NEW_ADDR,MEM_OLD_ADDR,MEM_DETAIL_ADDR,MEM_ZIPCODE,MEM_CONTENTS_ALERT,MEM_PUSH_ALERT) values ('0324','1234','나희진','나희진','0324','중능대','진짜마지막과',1,null,null,null,10,2345,5678,null,null,'대전광역시 서구 둔산로31번길 38','대전광역시 서구 둔산동 1008','우전빌딩',35229,'Y','Y');
Insert into MEMBER (MEM_ID,MEM_PWD,MEM_NAME,MEM_NICKNAME,MEM_STU_ID,MEM_DEPT,MEM_MAJOR,MEM_GRADE,MEM_TEL1,MEM_TEL2,MEM_TEL3,MEM_PHONE1,MEM_PHONE2,MEM_PHONE3,MEM_EMAIL1,MEM_EMAIL2,MEM_NEW_ADDR,MEM_OLD_ADDR,MEM_DETAIL_ADDR,MEM_ZIPCODE,MEM_CONTENTS_ALERT,MEM_PUSH_ALERT) values ('5112','1234','박은우','박은우','5112','중능대','진짜마지막과',3,null,null,null,10,1544,4557,null,null,'대전광역시 서구 둔산로31번길 32','대전광역시 서구 둔산동 1009','우정빌딩',35229,'Y','Y');
Insert into MEMBER (MEM_ID,MEM_PWD,MEM_NAME,MEM_NICKNAME,MEM_STU_ID,MEM_DEPT,MEM_MAJOR,MEM_GRADE,MEM_TEL1,MEM_TEL2,MEM_TEL3,MEM_PHONE1,MEM_PHONE2,MEM_PHONE3,MEM_EMAIL1,MEM_EMAIL2,MEM_NEW_ADDR,MEM_OLD_ADDR,MEM_DETAIL_ADDR,MEM_ZIPCODE,MEM_CONTENTS_ALERT,MEM_PUSH_ALERT) values ('2602','1234','박이수','박이수','2602','중능대','진짜마지막과',4,null,null,null,10,1564,4567,null,null,'대전광역시 서구 둔산로31번길 32','대전광역시 서구 둔산동 1009','우정빌딩',35229,'Y','Y');
Insert into MEMBER (MEM_ID,MEM_PWD,MEM_NAME,MEM_NICKNAME,MEM_STU_ID,MEM_DEPT,MEM_MAJOR,MEM_GRADE,MEM_TEL1,MEM_TEL2,MEM_TEL3,MEM_PHONE1,MEM_PHONE2,MEM_PHONE3,MEM_EMAIL1,MEM_EMAIL2,MEM_NEW_ADDR,MEM_OLD_ADDR,MEM_DETAIL_ADDR,MEM_ZIPCODE,MEM_CONTENTS_ALERT,MEM_PUSH_ALERT) values ('0377','1234','신미경','신미경','0377','중능대','진짜마지막과',3,null,null,null,10,1234,5566,null,null,'대전광역시 서구 둔산로31번길 16','대전광역시 서구 둔산동 1011','갤러리아백화점주차타워',35229,'Y','Y');
Insert into MEMBER (MEM_ID,MEM_PWD,MEM_NAME,MEM_NICKNAME,MEM_STU_ID,MEM_DEPT,MEM_MAJOR,MEM_GRADE,MEM_TEL1,MEM_TEL2,MEM_TEL3,MEM_PHONE1,MEM_PHONE2,MEM_PHONE3,MEM_EMAIL1,MEM_EMAIL2,MEM_NEW_ADDR,MEM_OLD_ADDR,MEM_DETAIL_ADDR,MEM_ZIPCODE,MEM_CONTENTS_ALERT,MEM_PUSH_ALERT) values ('3361','1234','오동민','오동민','3361','중능대','진짜마지막과',3,null,null,null,10,1234,7767,null,null,'대전광역시 서구 둔산로31번길 16','대전광역시 서구 둔산동 1011','갤러리아백화점주차타워',35229,'Y','Y');
Insert into MEMBER (MEM_ID,MEM_PWD,MEM_NAME,MEM_NICKNAME,MEM_STU_ID,MEM_DEPT,MEM_MAJOR,MEM_GRADE,MEM_TEL1,MEM_TEL2,MEM_TEL3,MEM_PHONE1,MEM_PHONE2,MEM_PHONE3,MEM_EMAIL1,MEM_EMAIL2,MEM_NEW_ADDR,MEM_OLD_ADDR,MEM_DETAIL_ADDR,MEM_ZIPCODE,MEM_CONTENTS_ALERT,MEM_PUSH_ALERT) values ('4947','1234','이상윤','이상윤','4947','중능대','진짜마지막과',3,null,null,null,10,6634,4557,null,null,'대전광역시 서구 둔산로31번길 32','대전광역시 서구 둔산동 1009','우정빌딩',35229,'Y','Y');
Insert into MEMBER (MEM_ID,MEM_PWD,MEM_NAME,MEM_NICKNAME,MEM_STU_ID,MEM_DEPT,MEM_MAJOR,MEM_GRADE,MEM_TEL1,MEM_TEL2,MEM_TEL3,MEM_PHONE1,MEM_PHONE2,MEM_PHONE3,MEM_EMAIL1,MEM_EMAIL2,MEM_NEW_ADDR,MEM_OLD_ADDR,MEM_DETAIL_ADDR,MEM_ZIPCODE,MEM_CONTENTS_ALERT,MEM_PUSH_ALERT) values ('2908','1234','이성현','이성현','2908','중능대','진짜마지막과',3,null,null,null,10,1334,4557,null,null,'대전광역시 서구 둔산로31번길 38','대전광역시 서구 둔산동 1008','우전빌딩',35229,'Y','Y');
Insert into MEMBER (MEM_ID,MEM_PWD,MEM_NAME,MEM_NICKNAME,MEM_STU_ID,MEM_DEPT,MEM_MAJOR,MEM_GRADE,MEM_TEL1,MEM_TEL2,MEM_TEL3,MEM_PHONE1,MEM_PHONE2,MEM_PHONE3,MEM_EMAIL1,MEM_EMAIL2,MEM_NEW_ADDR,MEM_OLD_ADDR,MEM_DETAIL_ADDR,MEM_ZIPCODE,MEM_CONTENTS_ALERT,MEM_PUSH_ALERT) values ('1601','1234','이준석','이준석','1601','중능대','진짜마지막과',4,null,null,null,10,9876,4657,null,null,'대전광역시 서구 둔산로31번길 32','대전광역시 서구 둔산동 1009','우정빌딩',35229,'Y','Y');
Insert into MEMBER (MEM_ID,MEM_PWD,MEM_NAME,MEM_NICKNAME,MEM_STU_ID,MEM_DEPT,MEM_MAJOR,MEM_GRADE,MEM_TEL1,MEM_TEL2,MEM_TEL3,MEM_PHONE1,MEM_PHONE2,MEM_PHONE3,MEM_EMAIL1,MEM_EMAIL2,MEM_NEW_ADDR,MEM_OLD_ADDR,MEM_DETAIL_ADDR,MEM_ZIPCODE,MEM_CONTENTS_ALERT,MEM_PUSH_ALERT) values ('5417','1234','이헌재','이헌재','5417','중능대','진짜마지막과',4,null,null,null,10,1567,4777,null,null,'대전광역시 서구 둔산로31번길 32','대전광역시 서구 둔산동 1009','우정빌딩',35229,'Y','Y');
Insert into MEMBER (MEM_ID,MEM_PWD,MEM_NAME,MEM_NICKNAME,MEM_STU_ID,MEM_DEPT,MEM_MAJOR,MEM_GRADE,MEM_TEL1,MEM_TEL2,MEM_TEL3,MEM_PHONE1,MEM_PHONE2,MEM_PHONE3,MEM_EMAIL1,MEM_EMAIL2,MEM_NEW_ADDR,MEM_OLD_ADDR,MEM_DETAIL_ADDR,MEM_ZIPCODE,MEM_CONTENTS_ALERT,MEM_PUSH_ALERT) values ('7644','1234','전수현','전수현','7644','중능대','진짜마지막과',4,null,null,null,10,1655,4787,null,null,'대전광역시 서구 갈마역로 22','대전광역시 서구 둔산동 1093','리베라스위트빌',35230,'N','Y');
Insert into MEMBER (MEM_ID,MEM_PWD,MEM_NAME,MEM_NICKNAME,MEM_STU_ID,MEM_DEPT,MEM_MAJOR,MEM_GRADE,MEM_TEL1,MEM_TEL2,MEM_TEL3,MEM_PHONE1,MEM_PHONE2,MEM_PHONE3,MEM_EMAIL1,MEM_EMAIL2,MEM_NEW_ADDR,MEM_OLD_ADDR,MEM_DETAIL_ADDR,MEM_ZIPCODE,MEM_CONTENTS_ALERT,MEM_PUSH_ALERT) values ('7395','1234','전현웅','전현웅','7395','중능대','진짜마지막과',4,null,null,null,10,1222,4556,null,null,'대전광역시 서구 대덕대로241번길 20','대전광역시 서구 둔산동 1022','대전둔산빌딩',35229,'Y','Y');
Insert into MEMBER (MEM_ID,MEM_PWD,MEM_NAME,MEM_NICKNAME,MEM_STU_ID,MEM_DEPT,MEM_MAJOR,MEM_GRADE,MEM_TEL1,MEM_TEL2,MEM_TEL3,MEM_PHONE1,MEM_PHONE2,MEM_PHONE3,MEM_EMAIL1,MEM_EMAIL2,MEM_NEW_ADDR,MEM_OLD_ADDR,MEM_DETAIL_ADDR,MEM_ZIPCODE,MEM_CONTENTS_ALERT,MEM_PUSH_ALERT) values ('7125','1234','정상륜','정상륜','7125','중능대','진짜마지막과',4,null,null,null,10,1234,2357,null,null,'대전광역시 서구 대덕대로241번길 20','대전광역시 서구 둔산동 1022','대전둔산빌딩',35229,'Y','Y');
Insert into MEMBER (MEM_ID,MEM_PWD,MEM_NAME,MEM_NICKNAME,MEM_STU_ID,MEM_DEPT,MEM_MAJOR,MEM_GRADE,MEM_TEL1,MEM_TEL2,MEM_TEL3,MEM_PHONE1,MEM_PHONE2,MEM_PHONE3,MEM_EMAIL1,MEM_EMAIL2,MEM_NEW_ADDR,MEM_OLD_ADDR,MEM_DETAIL_ADDR,MEM_ZIPCODE,MEM_CONTENTS_ALERT,MEM_PUSH_ALERT) values ('5919','1234','허진수','허진수','5919','중능대','진짜마지막과',4,null,null,null,10,1774,4557,null,null,'대전광역시 서구 갈마역로 14','대전광역시 서구 둔산동 1095','하이스트빌',35230,'Y','Y');
Insert into MEMBER (MEM_ID,MEM_PWD,MEM_NAME,MEM_NICKNAME,MEM_STU_ID,MEM_DEPT,MEM_MAJOR,MEM_GRADE,MEM_TEL1,MEM_TEL2,MEM_TEL3,MEM_PHONE1,MEM_PHONE2,MEM_PHONE3,MEM_EMAIL1,MEM_EMAIL2,MEM_NEW_ADDR,MEM_OLD_ADDR,MEM_DETAIL_ADDR,MEM_ZIPCODE,MEM_CONTENTS_ALERT,MEM_PUSH_ALERT) values ('0373','1234','황규용','황규용','0373','중능대','진짜마지막과',4,null,null,null,10,1774,4557,null,null,'대전광역시 서구 갈마역로 14','대전광역시 서구 둔산동 1095','하이스트빌',35230,'Y','Y');
REM INSERTING into MEMBER_FILE
SET DEFINE OFF;
Insert into MEMBER_FILE (MEMBER_FILE_ID,MEM_ID,MEM_FILE_TYPE,MEM_FILE_NAME) values (1,'20210820','img','no_img.png');
Insert into MEMBER_FILE (MEMBER_FILE_ID,MEM_ID,MEM_FILE_TYPE,MEM_FILE_NAME) values (2,'20210821','img','gildong.png');
Insert into MEMBER_FILE (MEMBER_FILE_ID,MEM_ID,MEM_FILE_TYPE,MEM_FILE_NAME) values (3,'20210822','img','no_img.png');
Insert into MEMBER_FILE (MEMBER_FILE_ID,MEM_ID,MEM_FILE_TYPE,MEM_FILE_NAME) values (4,'20210823','img','no_img.png');
Insert into MEMBER_FILE (MEMBER_FILE_ID,MEM_ID,MEM_FILE_TYPE,MEM_FILE_NAME) values (5,'20210824','img','no_img.png');
Insert into MEMBER_FILE (MEMBER_FILE_ID,MEM_ID,MEM_FILE_TYPE,MEM_FILE_NAME) values (6,'20210825','img','no_img.png');
Insert into MEMBER_FILE (MEMBER_FILE_ID,MEM_ID,MEM_FILE_TYPE,MEM_FILE_NAME) values (7,'20210826','img','no_img.png');
Insert into MEMBER_FILE (MEMBER_FILE_ID,MEM_ID,MEM_FILE_TYPE,MEM_FILE_NAME) values (8,'20210827','img','no_img.png');
Insert into MEMBER_FILE (MEMBER_FILE_ID,MEM_ID,MEM_FILE_TYPE,MEM_FILE_NAME) values (9,'20210828','img','duli.png');
Insert into MEMBER_FILE (MEMBER_FILE_ID,MEM_ID,MEM_FILE_TYPE,MEM_FILE_NAME) values (10,'20210829','img','bbororo.png');
Insert into MEMBER_FILE (MEMBER_FILE_ID,MEM_ID,MEM_FILE_TYPE,MEM_FILE_NAME) values (11,'20210830','img','douner.png');
Insert into MEMBER_FILE (MEMBER_FILE_ID,MEM_ID,MEM_FILE_TYPE,MEM_FILE_NAME) values (12,'20210831','img','ddochi.png');
Insert into MEMBER_FILE (MEMBER_FILE_ID,MEM_ID,MEM_FILE_TYPE,MEM_FILE_NAME) values (13,'20210901','img','naruto.png');
Insert into MEMBER_FILE (MEMBER_FILE_ID,MEM_ID,MEM_FILE_TYPE,MEM_FILE_NAME) values (14,'20210902','img','sasuke.png');
Insert into MEMBER_FILE (MEMBER_FILE_ID,MEM_ID,MEM_FILE_TYPE,MEM_FILE_NAME) values (15,'20210903','img','no_img.png');
Insert into MEMBER_FILE (MEMBER_FILE_ID,MEM_ID,MEM_FILE_TYPE,MEM_FILE_NAME) values (16,'20210904','img','lee.png');
Insert into MEMBER_FILE (MEMBER_FILE_ID,MEM_ID,MEM_FILE_TYPE,MEM_FILE_NAME) values (17,'20210905','img','sejong.png');
Insert into MEMBER_FILE (MEMBER_FILE_ID,MEM_ID,MEM_FILE_TYPE,MEM_FILE_NAME) values (18,'20210906','img','crong.png');
Insert into MEMBER_FILE (MEMBER_FILE_ID,MEM_ID,MEM_FILE_TYPE,MEM_FILE_NAME) values (19,'20210907','img','loopy.png');
Insert into MEMBER_FILE (MEMBER_FILE_ID,MEM_ID,MEM_FILE_TYPE,MEM_FILE_NAME) values (20,'20210908','img','no_img.png');
REM INSERTING into PUSH_ALERT
SET DEFINE OFF;
Insert into PUSH_ALERT (PUSH_ALERT_ID,ADMIN_ID,PUSH_ALERT_TEXT,PUSH_ALERT_DATE,PUSH_ALERT_TITLE) values (1,'1','안녕하세요 회원님',to_date('21/09/09','RR/MM/DD'),'새로운 알림입니다.');
Insert into PUSH_ALERT (PUSH_ALERT_ID,ADMIN_ID,PUSH_ALERT_TEXT,PUSH_ALERT_DATE,PUSH_ALERT_TITLE) values (2,'2','컨텐츠가 승인 되었습니다.',to_date('21/09/09','RR/MM/DD'),'컨텐츠 승인.');
Insert into PUSH_ALERT (PUSH_ALERT_ID,ADMIN_ID,PUSH_ALERT_TEXT,PUSH_ALERT_DATE,PUSH_ALERT_TITLE) values (3,'2','컨텐츠가 거절 되었습니다.',to_date('21/09/09','RR/MM/DD'),'컨텐츠 거절.');
Insert into PUSH_ALERT (PUSH_ALERT_ID,ADMIN_ID,PUSH_ALERT_TEXT,PUSH_ALERT_DATE,PUSH_ALERT_TITLE) values (4,'3','해당 문의 내역은 포함되지 않습니다.',to_date('21/09/09','RR/MM/DD'),'새로운 알림입니다.');
Insert into PUSH_ALERT (PUSH_ALERT_ID,ADMIN_ID,PUSH_ALERT_TEXT,PUSH_ALERT_DATE,PUSH_ALERT_TITLE) values (5,'1','마이페이지를 통해 가능합니다.',to_date('21/09/09','RR/MM/DD'),'닉네임 변경.');
REM INSERTING into RECEPTION
SET DEFINE OFF;
Insert into RECEPTION (RECEPTION_ID,PUSH_ALERT_ID,MEM_ID,RECEPTION_OX) values (1,1,'20210820','O');
Insert into RECEPTION (RECEPTION_ID,PUSH_ALERT_ID,MEM_ID,RECEPTION_OX) values (2,2,'20210820','O');
Insert into RECEPTION (RECEPTION_ID,PUSH_ALERT_ID,MEM_ID,RECEPTION_OX) values (3,3,'20210820','O');
Insert into RECEPTION (RECEPTION_ID,PUSH_ALERT_ID,MEM_ID,RECEPTION_OX) values (4,4,'20210820','X');
Insert into RECEPTION (RECEPTION_ID,PUSH_ALERT_ID,MEM_ID,RECEPTION_OX) values (5,5,'20210820','X');
Insert into RECEPTION (RECEPTION_ID,PUSH_ALERT_ID,MEM_ID,RECEPTION_OX) values (6,1,'20210821','O');
Insert into RECEPTION (RECEPTION_ID,PUSH_ALERT_ID,MEM_ID,RECEPTION_OX) values (7,2,'20210821','X');
Insert into RECEPTION (RECEPTION_ID,PUSH_ALERT_ID,MEM_ID,RECEPTION_OX) values (8,3,'20210821','X');
Insert into RECEPTION (RECEPTION_ID,PUSH_ALERT_ID,MEM_ID,RECEPTION_OX) values (9,4,'20210821','X');
Insert into RECEPTION (RECEPTION_ID,PUSH_ALERT_ID,MEM_ID,RECEPTION_OX) values (10,5,'20210821','X');
Insert into RECEPTION (RECEPTION_ID,PUSH_ALERT_ID,MEM_ID,RECEPTION_OX) values (11,1,'20210822','O');
Insert into RECEPTION (RECEPTION_ID,PUSH_ALERT_ID,MEM_ID,RECEPTION_OX) values (12,2,'20210822','O');
Insert into RECEPTION (RECEPTION_ID,PUSH_ALERT_ID,MEM_ID,RECEPTION_OX) values (13,3,'20210822','O');
Insert into RECEPTION (RECEPTION_ID,PUSH_ALERT_ID,MEM_ID,RECEPTION_OX) values (14,4,'20210822','O');
Insert into RECEPTION (RECEPTION_ID,PUSH_ALERT_ID,MEM_ID,RECEPTION_OX) values (15,5,'20210822','O');
--------------------------------------------------------
--  DDL for Index PK_ADMIN
--------------------------------------------------------

  CREATE UNIQUE INDEX "PK_ADMIN" ON "ADMIN" ("ADMIN_ID") 
  PCTFREE 10 INITRANS 2 MAXTRANS 255 COMPUTE STATISTICS 
  STORAGE(INITIAL 65536 NEXT 1048576 MINEXTENTS 1 MAXEXTENTS 2147483645
  PCTINCREASE 0 FREELISTS 1 FREELIST GROUPS 1 BUFFER_POOL DEFAULT FLASH_CACHE DEFAULT CELL_FLASH_CACHE DEFAULT)
  TABLESPACE "SYSTEM" ;
--------------------------------------------------------
--  DDL for Index PK_BANNER
--------------------------------------------------------

  CREATE UNIQUE INDEX "PK_BANNER" ON "BANNER" ("BANNER_ID") 
  PCTFREE 10 INITRANS 2 MAXTRANS 255 COMPUTE STATISTICS 
  STORAGE(INITIAL 65536 NEXT 1048576 MINEXTENTS 1 MAXEXTENTS 2147483645
  PCTINCREASE 0 FREELISTS 1 FREELIST GROUPS 1 BUFFER_POOL DEFAULT FLASH_CACHE DEFAULT CELL_FLASH_CACHE DEFAULT)
  TABLESPACE "SYSTEM" ;
--------------------------------------------------------
--  DDL for Index PK_BANNER_FILE
--------------------------------------------------------

  CREATE UNIQUE INDEX "PK_BANNER_FILE" ON "BANNER_FILE" ("BANNER_FILE_ID") 
  PCTFREE 10 INITRANS 2 MAXTRANS 255 COMPUTE STATISTICS 
  STORAGE(INITIAL 65536 NEXT 1048576 MINEXTENTS 1 MAXEXTENTS 2147483645
  PCTINCREASE 0 FREELISTS 1 FREELIST GROUPS 1 BUFFER_POOL DEFAULT FLASH_CACHE DEFAULT CELL_FLASH_CACHE DEFAULT)
  TABLESPACE "SYSTEM" ;
--------------------------------------------------------
--  DDL for Index PK_CATEGORY
--------------------------------------------------------

  CREATE UNIQUE INDEX "PK_CATEGORY" ON "CATEGORY" ("CATEG_ID") 
  PCTFREE 10 INITRANS 2 MAXTRANS 255 COMPUTE STATISTICS 
  STORAGE(INITIAL 65536 NEXT 1048576 MINEXTENTS 1 MAXEXTENTS 2147483645
  PCTINCREASE 0 FREELISTS 1 FREELIST GROUPS 1 BUFFER_POOL DEFAULT FLASH_CACHE DEFAULT CELL_FLASH_CACHE DEFAULT)
  TABLESPACE "SYSTEM" ;
--------------------------------------------------------
--  DDL for Index PK_CMT
--------------------------------------------------------

  CREATE UNIQUE INDEX "PK_CMT" ON "CMT" ("CMT_ID") 
  PCTFREE 10 INITRANS 2 MAXTRANS 255 COMPUTE STATISTICS 
  STORAGE(INITIAL 65536 NEXT 1048576 MINEXTENTS 1 MAXEXTENTS 2147483645
  PCTINCREASE 0 FREELISTS 1 FREELIST GROUPS 1 BUFFER_POOL DEFAULT FLASH_CACHE DEFAULT CELL_FLASH_CACHE DEFAULT)
  TABLESPACE "SYSTEM" ;
--------------------------------------------------------
--  DDL for Index PK_COMPET
--------------------------------------------------------

  CREATE UNIQUE INDEX "PK_COMPET" ON "COMPET" ("COMPET_ID") 
  PCTFREE 10 INITRANS 2 MAXTRANS 255 COMPUTE STATISTICS 
  STORAGE(INITIAL 65536 NEXT 1048576 MINEXTENTS 1 MAXEXTENTS 2147483645
  PCTINCREASE 0 FREELISTS 1 FREELIST GROUPS 1 BUFFER_POOL DEFAULT FLASH_CACHE DEFAULT CELL_FLASH_CACHE DEFAULT)
  TABLESPACE "SYSTEM" ;
--------------------------------------------------------
--  DDL for Index PK_COMPET_FILE
--------------------------------------------------------

  CREATE UNIQUE INDEX "PK_COMPET_FILE" ON "COMPET_FILE" ("COMPET_FILE_ID") 
  PCTFREE 10 INITRANS 2 MAXTRANS 255 COMPUTE STATISTICS 
  STORAGE(INITIAL 65536 NEXT 1048576 MINEXTENTS 1 MAXEXTENTS 2147483645
  PCTINCREASE 0 FREELISTS 1 FREELIST GROUPS 1 BUFFER_POOL DEFAULT FLASH_CACHE DEFAULT CELL_FLASH_CACHE DEFAULT)
  TABLESPACE "SYSTEM" ;
--------------------------------------------------------
--  DDL for Index PK_COMPET_NOTICE
--------------------------------------------------------

  CREATE UNIQUE INDEX "PK_COMPET_NOTICE" ON "COMPET_NOTICE" ("COMPET_NOTICE_ID") 
  PCTFREE 10 INITRANS 2 MAXTRANS 255 COMPUTE STATISTICS 
  STORAGE(INITIAL 65536 NEXT 1048576 MINEXTENTS 1 MAXEXTENTS 2147483645
  PCTINCREASE 0 FREELISTS 1 FREELIST GROUPS 1 BUFFER_POOL DEFAULT FLASH_CACHE DEFAULT CELL_FLASH_CACHE DEFAULT)
  TABLESPACE "SYSTEM" ;
--------------------------------------------------------
--  DDL for Index PK_COMPET_NOTICE_FILE
--------------------------------------------------------

  CREATE UNIQUE INDEX "PK_COMPET_NOTICE_FILE" ON "COMPET_NOTICE_FILE" ("COMPET_NOTICE_FILE_ID") 
  PCTFREE 10 INITRANS 2 MAXTRANS 255 COMPUTE STATISTICS 
  STORAGE(INITIAL 65536 NEXT 1048576 MINEXTENTS 1 MAXEXTENTS 2147483645
  PCTINCREASE 0 FREELISTS 1 FREELIST GROUPS 1 BUFFER_POOL DEFAULT FLASH_CACHE DEFAULT CELL_FLASH_CACHE DEFAULT)
  TABLESPACE "SYSTEM" ;
--------------------------------------------------------
--  DDL for Index PK_COMPET_QNA
--------------------------------------------------------

  CREATE UNIQUE INDEX "PK_COMPET_QNA" ON "COMPET_QNA" ("COMPET_QNA_ID") 
  PCTFREE 10 INITRANS 2 MAXTRANS 255 COMPUTE STATISTICS 
  STORAGE(INITIAL 65536 NEXT 1048576 MINEXTENTS 1 MAXEXTENTS 2147483645
  PCTINCREASE 0 FREELISTS 1 FREELIST GROUPS 1 BUFFER_POOL DEFAULT FLASH_CACHE DEFAULT CELL_FLASH_CACHE DEFAULT)
  TABLESPACE "SYSTEM" ;
--------------------------------------------------------
--  DDL for Index PK_CONTENTS
--------------------------------------------------------

  CREATE UNIQUE INDEX "PK_CONTENTS" ON "CONTENTS" ("CONTENTS_ID") 
  PCTFREE 10 INITRANS 2 MAXTRANS 255 COMPUTE STATISTICS 
  STORAGE(INITIAL 65536 NEXT 1048576 MINEXTENTS 1 MAXEXTENTS 2147483645
  PCTINCREASE 0 FREELISTS 1 FREELIST GROUPS 1 BUFFER_POOL DEFAULT FLASH_CACHE DEFAULT CELL_FLASH_CACHE DEFAULT)
  TABLESPACE "SYSTEM" ;
--------------------------------------------------------
--  DDL for Index PK_CONTENTS_ALERT
--------------------------------------------------------

  CREATE UNIQUE INDEX "PK_CONTENTS_ALERT" ON "CONTENTS_ALERT" ("CONTENTS_ALERT_ID") 
  PCTFREE 10 INITRANS 2 MAXTRANS 255 COMPUTE STATISTICS 
  STORAGE(INITIAL 65536 NEXT 1048576 MINEXTENTS 1 MAXEXTENTS 2147483645
  PCTINCREASE 0 FREELISTS 1 FREELIST GROUPS 1 BUFFER_POOL DEFAULT FLASH_CACHE DEFAULT CELL_FLASH_CACHE DEFAULT)
  TABLESPACE "SYSTEM" ;
--------------------------------------------------------
--  DDL for Index PK_CONTENTS_FILE
--------------------------------------------------------

  CREATE UNIQUE INDEX "PK_CONTENTS_FILE" ON "CONTENTS_FILE" ("CONTENTS_FILE_ID") 
  PCTFREE 10 INITRANS 2 MAXTRANS 255 COMPUTE STATISTICS 
  STORAGE(INITIAL 65536 NEXT 1048576 MINEXTENTS 1 MAXEXTENTS 2147483645
  PCTINCREASE 0 FREELISTS 1 FREELIST GROUPS 1 BUFFER_POOL DEFAULT FLASH_CACHE DEFAULT CELL_FLASH_CACHE DEFAULT)
  TABLESPACE "SYSTEM" ;
--------------------------------------------------------
--  DDL for Index PK_LIKES
--------------------------------------------------------

  CREATE UNIQUE INDEX "PK_LIKES" ON "LIKES" ("LIKES_ID") 
  PCTFREE 10 INITRANS 2 MAXTRANS 255 COMPUTE STATISTICS 
  STORAGE(INITIAL 65536 NEXT 1048576 MINEXTENTS 1 MAXEXTENTS 2147483645
  PCTINCREASE 0 FREELISTS 1 FREELIST GROUPS 1 BUFFER_POOL DEFAULT FLASH_CACHE DEFAULT CELL_FLASH_CACHE DEFAULT)
  TABLESPACE "SYSTEM" ;
--------------------------------------------------------
--  DDL for Index PK_MAIN_NOTICE
--------------------------------------------------------

  CREATE UNIQUE INDEX "PK_MAIN_NOTICE" ON "MAIN_NOTICE" ("MAIN_NOTICE_ID") 
  PCTFREE 10 INITRANS 2 MAXTRANS 255 COMPUTE STATISTICS 
  STORAGE(INITIAL 65536 NEXT 1048576 MINEXTENTS 1 MAXEXTENTS 2147483645
  PCTINCREASE 0 FREELISTS 1 FREELIST GROUPS 1 BUFFER_POOL DEFAULT FLASH_CACHE DEFAULT CELL_FLASH_CACHE DEFAULT)
  TABLESPACE "SYSTEM" ;
--------------------------------------------------------
--  DDL for Index PK_MAIN_NOTICE_FILE
--------------------------------------------------------

  CREATE UNIQUE INDEX "PK_MAIN_NOTICE_FILE" ON "MAIN_NOTICE_FILE" ("MAIN_NOTICE_FILE_ID") 
  PCTFREE 10 INITRANS 2 MAXTRANS 255 COMPUTE STATISTICS 
  STORAGE(INITIAL 65536 NEXT 1048576 MINEXTENTS 1 MAXEXTENTS 2147483645
  PCTINCREASE 0 FREELISTS 1 FREELIST GROUPS 1 BUFFER_POOL DEFAULT FLASH_CACHE DEFAULT CELL_FLASH_CACHE DEFAULT)
  TABLESPACE "SYSTEM" ;
--------------------------------------------------------
--  DDL for Index PK_MEMBER
--------------------------------------------------------

  CREATE UNIQUE INDEX "PK_MEMBER" ON "MEMBER" ("MEM_ID") 
  PCTFREE 10 INITRANS 2 MAXTRANS 255 COMPUTE STATISTICS 
  STORAGE(INITIAL 65536 NEXT 1048576 MINEXTENTS 1 MAXEXTENTS 2147483645
  PCTINCREASE 0 FREELISTS 1 FREELIST GROUPS 1 BUFFER_POOL DEFAULT FLASH_CACHE DEFAULT CELL_FLASH_CACHE DEFAULT)
  TABLESPACE "SYSTEM" ;
--------------------------------------------------------
--  DDL for Index PK_MEMBER_FILE
--------------------------------------------------------

  CREATE UNIQUE INDEX "PK_MEMBER_FILE" ON "MEMBER_FILE" ("MEMBER_FILE_ID") 
  PCTFREE 10 INITRANS 2 MAXTRANS 255 COMPUTE STATISTICS 
  STORAGE(INITIAL 65536 NEXT 1048576 MINEXTENTS 1 MAXEXTENTS 2147483645
  PCTINCREASE 0 FREELISTS 1 FREELIST GROUPS 1 BUFFER_POOL DEFAULT FLASH_CACHE DEFAULT CELL_FLASH_CACHE DEFAULT)
  TABLESPACE "SYSTEM" ;
--------------------------------------------------------
--  DDL for Index PK_PUSH_ALERT
--------------------------------------------------------

  CREATE UNIQUE INDEX "PK_PUSH_ALERT" ON "PUSH_ALERT" ("PUSH_ALERT_ID") 
  PCTFREE 10 INITRANS 2 MAXTRANS 255 COMPUTE STATISTICS 
  STORAGE(INITIAL 65536 NEXT 1048576 MINEXTENTS 1 MAXEXTENTS 2147483645
  PCTINCREASE 0 FREELISTS 1 FREELIST GROUPS 1 BUFFER_POOL DEFAULT FLASH_CACHE DEFAULT CELL_FLASH_CACHE DEFAULT)
  TABLESPACE "SYSTEM" ;
--------------------------------------------------------
--  DDL for Index PK_RECEPTION
--------------------------------------------------------

  CREATE UNIQUE INDEX "PK_RECEPTION" ON "RECEPTION" ("RECEPTION_ID") 
  PCTFREE 10 INITRANS 2 MAXTRANS 255 COMPUTE STATISTICS 
  STORAGE(INITIAL 65536 NEXT 1048576 MINEXTENTS 1 MAXEXTENTS 2147483645
  PCTINCREASE 0 FREELISTS 1 FREELIST GROUPS 1 BUFFER_POOL DEFAULT FLASH_CACHE DEFAULT CELL_FLASH_CACHE DEFAULT)
  TABLESPACE "SYSTEM" ;
--------------------------------------------------------
--  DDL for Index PK_ADMIN
--------------------------------------------------------

  CREATE UNIQUE INDEX "PK_ADMIN" ON "ADMIN" ("ADMIN_ID") 
  PCTFREE 10 INITRANS 2 MAXTRANS 255 COMPUTE STATISTICS 
  STORAGE(INITIAL 65536 NEXT 1048576 MINEXTENTS 1 MAXEXTENTS 2147483645
  PCTINCREASE 0 FREELISTS 1 FREELIST GROUPS 1 BUFFER_POOL DEFAULT FLASH_CACHE DEFAULT CELL_FLASH_CACHE DEFAULT)
  TABLESPACE "SYSTEM" ;
--------------------------------------------------------
--  DDL for Index PK_BANNER
--------------------------------------------------------

  CREATE UNIQUE INDEX "PK_BANNER" ON "BANNER" ("BANNER_ID") 
  PCTFREE 10 INITRANS 2 MAXTRANS 255 COMPUTE STATISTICS 
  STORAGE(INITIAL 65536 NEXT 1048576 MINEXTENTS 1 MAXEXTENTS 2147483645
  PCTINCREASE 0 FREELISTS 1 FREELIST GROUPS 1 BUFFER_POOL DEFAULT FLASH_CACHE DEFAULT CELL_FLASH_CACHE DEFAULT)
  TABLESPACE "SYSTEM" ;
--------------------------------------------------------
--  DDL for Index PK_BANNER_FILE
--------------------------------------------------------

  CREATE UNIQUE INDEX "PK_BANNER_FILE" ON "BANNER_FILE" ("BANNER_FILE_ID") 
  PCTFREE 10 INITRANS 2 MAXTRANS 255 COMPUTE STATISTICS 
  STORAGE(INITIAL 65536 NEXT 1048576 MINEXTENTS 1 MAXEXTENTS 2147483645
  PCTINCREASE 0 FREELISTS 1 FREELIST GROUPS 1 BUFFER_POOL DEFAULT FLASH_CACHE DEFAULT CELL_FLASH_CACHE DEFAULT)
  TABLESPACE "SYSTEM" ;
--------------------------------------------------------
--  DDL for Index PK_CATEGORY
--------------------------------------------------------

  CREATE UNIQUE INDEX "PK_CATEGORY" ON "CATEGORY" ("CATEG_ID") 
  PCTFREE 10 INITRANS 2 MAXTRANS 255 COMPUTE STATISTICS 
  STORAGE(INITIAL 65536 NEXT 1048576 MINEXTENTS 1 MAXEXTENTS 2147483645
  PCTINCREASE 0 FREELISTS 1 FREELIST GROUPS 1 BUFFER_POOL DEFAULT FLASH_CACHE DEFAULT CELL_FLASH_CACHE DEFAULT)
  TABLESPACE "SYSTEM" ;
--------------------------------------------------------
--  DDL for Index PK_CMT
--------------------------------------------------------

  CREATE UNIQUE INDEX "PK_CMT" ON "CMT" ("CMT_ID") 
  PCTFREE 10 INITRANS 2 MAXTRANS 255 COMPUTE STATISTICS 
  STORAGE(INITIAL 65536 NEXT 1048576 MINEXTENTS 1 MAXEXTENTS 2147483645
  PCTINCREASE 0 FREELISTS 1 FREELIST GROUPS 1 BUFFER_POOL DEFAULT FLASH_CACHE DEFAULT CELL_FLASH_CACHE DEFAULT)
  TABLESPACE "SYSTEM" ;
--------------------------------------------------------
--  DDL for Index PK_COMPET
--------------------------------------------------------

  CREATE UNIQUE INDEX "PK_COMPET" ON "COMPET" ("COMPET_ID") 
  PCTFREE 10 INITRANS 2 MAXTRANS 255 COMPUTE STATISTICS 
  STORAGE(INITIAL 65536 NEXT 1048576 MINEXTENTS 1 MAXEXTENTS 2147483645
  PCTINCREASE 0 FREELISTS 1 FREELIST GROUPS 1 BUFFER_POOL DEFAULT FLASH_CACHE DEFAULT CELL_FLASH_CACHE DEFAULT)
  TABLESPACE "SYSTEM" ;
--------------------------------------------------------
--  DDL for Index PK_COMPET_FILE
--------------------------------------------------------

  CREATE UNIQUE INDEX "PK_COMPET_FILE" ON "COMPET_FILE" ("COMPET_FILE_ID") 
  PCTFREE 10 INITRANS 2 MAXTRANS 255 COMPUTE STATISTICS 
  STORAGE(INITIAL 65536 NEXT 1048576 MINEXTENTS 1 MAXEXTENTS 2147483645
  PCTINCREASE 0 FREELISTS 1 FREELIST GROUPS 1 BUFFER_POOL DEFAULT FLASH_CACHE DEFAULT CELL_FLASH_CACHE DEFAULT)
  TABLESPACE "SYSTEM" ;
--------------------------------------------------------
--  DDL for Index PK_COMPET_NOTICE
--------------------------------------------------------

  CREATE UNIQUE INDEX "PK_COMPET_NOTICE" ON "COMPET_NOTICE" ("COMPET_NOTICE_ID") 
  PCTFREE 10 INITRANS 2 MAXTRANS 255 COMPUTE STATISTICS 
  STORAGE(INITIAL 65536 NEXT 1048576 MINEXTENTS 1 MAXEXTENTS 2147483645
  PCTINCREASE 0 FREELISTS 1 FREELIST GROUPS 1 BUFFER_POOL DEFAULT FLASH_CACHE DEFAULT CELL_FLASH_CACHE DEFAULT)
  TABLESPACE "SYSTEM" ;
--------------------------------------------------------
--  DDL for Index PK_COMPET_NOTICE_FILE
--------------------------------------------------------

  CREATE UNIQUE INDEX "PK_COMPET_NOTICE_FILE" ON "COMPET_NOTICE_FILE" ("COMPET_NOTICE_FILE_ID") 
  PCTFREE 10 INITRANS 2 MAXTRANS 255 COMPUTE STATISTICS 
  STORAGE(INITIAL 65536 NEXT 1048576 MINEXTENTS 1 MAXEXTENTS 2147483645
  PCTINCREASE 0 FREELISTS 1 FREELIST GROUPS 1 BUFFER_POOL DEFAULT FLASH_CACHE DEFAULT CELL_FLASH_CACHE DEFAULT)
  TABLESPACE "SYSTEM" ;
--------------------------------------------------------
--  DDL for Index PK_COMPET_QNA
--------------------------------------------------------

  CREATE UNIQUE INDEX "PK_COMPET_QNA" ON "COMPET_QNA" ("COMPET_QNA_ID") 
  PCTFREE 10 INITRANS 2 MAXTRANS 255 COMPUTE STATISTICS 
  STORAGE(INITIAL 65536 NEXT 1048576 MINEXTENTS 1 MAXEXTENTS 2147483645
  PCTINCREASE 0 FREELISTS 1 FREELIST GROUPS 1 BUFFER_POOL DEFAULT FLASH_CACHE DEFAULT CELL_FLASH_CACHE DEFAULT)
  TABLESPACE "SYSTEM" ;
--------------------------------------------------------
--  DDL for Index PK_CONTENTS
--------------------------------------------------------

  CREATE UNIQUE INDEX "PK_CONTENTS" ON "CONTENTS" ("CONTENTS_ID") 
  PCTFREE 10 INITRANS 2 MAXTRANS 255 COMPUTE STATISTICS 
  STORAGE(INITIAL 65536 NEXT 1048576 MINEXTENTS 1 MAXEXTENTS 2147483645
  PCTINCREASE 0 FREELISTS 1 FREELIST GROUPS 1 BUFFER_POOL DEFAULT FLASH_CACHE DEFAULT CELL_FLASH_CACHE DEFAULT)
  TABLESPACE "SYSTEM" ;
--------------------------------------------------------
--  DDL for Index PK_CONTENTS_ALERT
--------------------------------------------------------

  CREATE UNIQUE INDEX "PK_CONTENTS_ALERT" ON "CONTENTS_ALERT" ("CONTENTS_ALERT_ID") 
  PCTFREE 10 INITRANS 2 MAXTRANS 255 COMPUTE STATISTICS 
  STORAGE(INITIAL 65536 NEXT 1048576 MINEXTENTS 1 MAXEXTENTS 2147483645
  PCTINCREASE 0 FREELISTS 1 FREELIST GROUPS 1 BUFFER_POOL DEFAULT FLASH_CACHE DEFAULT CELL_FLASH_CACHE DEFAULT)
  TABLESPACE "SYSTEM" ;
--------------------------------------------------------
--  DDL for Index PK_CONTENTS_FILE
--------------------------------------------------------

  CREATE UNIQUE INDEX "PK_CONTENTS_FILE" ON "CONTENTS_FILE" ("CONTENTS_FILE_ID") 
  PCTFREE 10 INITRANS 2 MAXTRANS 255 COMPUTE STATISTICS 
  STORAGE(INITIAL 65536 NEXT 1048576 MINEXTENTS 1 MAXEXTENTS 2147483645
  PCTINCREASE 0 FREELISTS 1 FREELIST GROUPS 1 BUFFER_POOL DEFAULT FLASH_CACHE DEFAULT CELL_FLASH_CACHE DEFAULT)
  TABLESPACE "SYSTEM" ;
--------------------------------------------------------
--  DDL for Index PK_LIKES
--------------------------------------------------------

  CREATE UNIQUE INDEX "PK_LIKES" ON "LIKES" ("LIKES_ID") 
  PCTFREE 10 INITRANS 2 MAXTRANS 255 COMPUTE STATISTICS 
  STORAGE(INITIAL 65536 NEXT 1048576 MINEXTENTS 1 MAXEXTENTS 2147483645
  PCTINCREASE 0 FREELISTS 1 FREELIST GROUPS 1 BUFFER_POOL DEFAULT FLASH_CACHE DEFAULT CELL_FLASH_CACHE DEFAULT)
  TABLESPACE "SYSTEM" ;
--------------------------------------------------------
--  DDL for Index PK_MAIN_NOTICE
--------------------------------------------------------

  CREATE UNIQUE INDEX "PK_MAIN_NOTICE" ON "MAIN_NOTICE" ("MAIN_NOTICE_ID") 
  PCTFREE 10 INITRANS 2 MAXTRANS 255 COMPUTE STATISTICS 
  STORAGE(INITIAL 65536 NEXT 1048576 MINEXTENTS 1 MAXEXTENTS 2147483645
  PCTINCREASE 0 FREELISTS 1 FREELIST GROUPS 1 BUFFER_POOL DEFAULT FLASH_CACHE DEFAULT CELL_FLASH_CACHE DEFAULT)
  TABLESPACE "SYSTEM" ;
--------------------------------------------------------
--  DDL for Index PK_MAIN_NOTICE_FILE
--------------------------------------------------------

  CREATE UNIQUE INDEX "PK_MAIN_NOTICE_FILE" ON "MAIN_NOTICE_FILE" ("MAIN_NOTICE_FILE_ID") 
  PCTFREE 10 INITRANS 2 MAXTRANS 255 COMPUTE STATISTICS 
  STORAGE(INITIAL 65536 NEXT 1048576 MINEXTENTS 1 MAXEXTENTS 2147483645
  PCTINCREASE 0 FREELISTS 1 FREELIST GROUPS 1 BUFFER_POOL DEFAULT FLASH_CACHE DEFAULT CELL_FLASH_CACHE DEFAULT)
  TABLESPACE "SYSTEM" ;
--------------------------------------------------------
--  DDL for Index PK_MEMBER
--------------------------------------------------------

  CREATE UNIQUE INDEX "PK_MEMBER" ON "MEMBER" ("MEM_ID") 
  PCTFREE 10 INITRANS 2 MAXTRANS 255 COMPUTE STATISTICS 
  STORAGE(INITIAL 65536 NEXT 1048576 MINEXTENTS 1 MAXEXTENTS 2147483645
  PCTINCREASE 0 FREELISTS 1 FREELIST GROUPS 1 BUFFER_POOL DEFAULT FLASH_CACHE DEFAULT CELL_FLASH_CACHE DEFAULT)
  TABLESPACE "SYSTEM" ;
--------------------------------------------------------
--  DDL for Index PK_MEMBER_FILE
--------------------------------------------------------

  CREATE UNIQUE INDEX "PK_MEMBER_FILE" ON "MEMBER_FILE" ("MEMBER_FILE_ID") 
  PCTFREE 10 INITRANS 2 MAXTRANS 255 COMPUTE STATISTICS 
  STORAGE(INITIAL 65536 NEXT 1048576 MINEXTENTS 1 MAXEXTENTS 2147483645
  PCTINCREASE 0 FREELISTS 1 FREELIST GROUPS 1 BUFFER_POOL DEFAULT FLASH_CACHE DEFAULT CELL_FLASH_CACHE DEFAULT)
  TABLESPACE "SYSTEM" ;
--------------------------------------------------------
--  DDL for Index PK_PUSH_ALERT
--------------------------------------------------------

  CREATE UNIQUE INDEX "PK_PUSH_ALERT" ON "PUSH_ALERT" ("PUSH_ALERT_ID") 
  PCTFREE 10 INITRANS 2 MAXTRANS 255 COMPUTE STATISTICS 
  STORAGE(INITIAL 65536 NEXT 1048576 MINEXTENTS 1 MAXEXTENTS 2147483645
  PCTINCREASE 0 FREELISTS 1 FREELIST GROUPS 1 BUFFER_POOL DEFAULT FLASH_CACHE DEFAULT CELL_FLASH_CACHE DEFAULT)
  TABLESPACE "SYSTEM" ;
--------------------------------------------------------
--  DDL for Index PK_RECEPTION
--------------------------------------------------------

  CREATE UNIQUE INDEX "PK_RECEPTION" ON "RECEPTION" ("RECEPTION_ID") 
  PCTFREE 10 INITRANS 2 MAXTRANS 255 COMPUTE STATISTICS 
  STORAGE(INITIAL 65536 NEXT 1048576 MINEXTENTS 1 MAXEXTENTS 2147483645
  PCTINCREASE 0 FREELISTS 1 FREELIST GROUPS 1 BUFFER_POOL DEFAULT FLASH_CACHE DEFAULT CELL_FLASH_CACHE DEFAULT)
  TABLESPACE "SYSTEM" ;
--------------------------------------------------------
--  Constraints for Table ADMIN
--------------------------------------------------------

  ALTER TABLE "ADMIN" ADD CONSTRAINT "PK_ADMIN" PRIMARY KEY ("ADMIN_ID")
  USING INDEX PCTFREE 10 INITRANS 2 MAXTRANS 255 COMPUTE STATISTICS 
  STORAGE(INITIAL 65536 NEXT 1048576 MINEXTENTS 1 MAXEXTENTS 2147483645
  PCTINCREASE 0 FREELISTS 1 FREELIST GROUPS 1 BUFFER_POOL DEFAULT FLASH_CACHE DEFAULT CELL_FLASH_CACHE DEFAULT)
  TABLESPACE "SYSTEM"  ENABLE;
  ALTER TABLE "ADMIN" MODIFY ("ADMIN_NAME" NOT NULL ENABLE);
  ALTER TABLE "ADMIN" MODIFY ("ADMIN_PWD" NOT NULL ENABLE);
  ALTER TABLE "ADMIN" MODIFY ("ADMIN_CLASS" NOT NULL ENABLE);
  ALTER TABLE "ADMIN" MODIFY ("ADMIN_ID" NOT NULL ENABLE);
--------------------------------------------------------
--  Constraints for Table BANNER
--------------------------------------------------------

  ALTER TABLE "BANNER" ADD CONSTRAINT "PK_BANNER" PRIMARY KEY ("BANNER_ID")
  USING INDEX PCTFREE 10 INITRANS 2 MAXTRANS 255 COMPUTE STATISTICS 
  STORAGE(INITIAL 65536 NEXT 1048576 MINEXTENTS 1 MAXEXTENTS 2147483645
  PCTINCREASE 0 FREELISTS 1 FREELIST GROUPS 1 BUFFER_POOL DEFAULT FLASH_CACHE DEFAULT CELL_FLASH_CACHE DEFAULT)
  TABLESPACE "SYSTEM"  ENABLE;
  ALTER TABLE "BANNER" MODIFY ("BANNER_NAME" NOT NULL ENABLE);
  ALTER TABLE "BANNER" MODIFY ("BANNER_ID" NOT NULL ENABLE);
--------------------------------------------------------
--  Constraints for Table BANNER_FILE
--------------------------------------------------------

  ALTER TABLE "BANNER_FILE" ADD CONSTRAINT "PK_BANNER_FILE" PRIMARY KEY ("BANNER_FILE_ID")
  USING INDEX PCTFREE 10 INITRANS 2 MAXTRANS 255 COMPUTE STATISTICS 
  STORAGE(INITIAL 65536 NEXT 1048576 MINEXTENTS 1 MAXEXTENTS 2147483645
  PCTINCREASE 0 FREELISTS 1 FREELIST GROUPS 1 BUFFER_POOL DEFAULT FLASH_CACHE DEFAULT CELL_FLASH_CACHE DEFAULT)
  TABLESPACE "SYSTEM"  ENABLE;
  ALTER TABLE "BANNER_FILE" MODIFY ("BANNER_FILE_TYPE" NOT NULL ENABLE);
  ALTER TABLE "BANNER_FILE" MODIFY ("BANNER_FILE_NAME" NOT NULL ENABLE);
  ALTER TABLE "BANNER_FILE" MODIFY ("BANNER_FILE_ID" NOT NULL ENABLE);
--------------------------------------------------------
--  Constraints for Table CATEGORY
--------------------------------------------------------

  ALTER TABLE "CATEGORY" ADD CONSTRAINT "PK_CATEGORY" PRIMARY KEY ("CATEG_ID")
  USING INDEX PCTFREE 10 INITRANS 2 MAXTRANS 255 COMPUTE STATISTICS 
  STORAGE(INITIAL 65536 NEXT 1048576 MINEXTENTS 1 MAXEXTENTS 2147483645
  PCTINCREASE 0 FREELISTS 1 FREELIST GROUPS 1 BUFFER_POOL DEFAULT FLASH_CACHE DEFAULT CELL_FLASH_CACHE DEFAULT)
  TABLESPACE "SYSTEM"  ENABLE;
  ALTER TABLE "CATEGORY" MODIFY ("CATEG_NAME" NOT NULL ENABLE);
  ALTER TABLE "CATEGORY" MODIFY ("CATEG_ID" NOT NULL ENABLE);
--------------------------------------------------------
--  Constraints for Table CMT
--------------------------------------------------------

  ALTER TABLE "CMT" ADD CONSTRAINT "PK_CMT" PRIMARY KEY ("CMT_ID")
  USING INDEX PCTFREE 10 INITRANS 2 MAXTRANS 255 COMPUTE STATISTICS 
  STORAGE(INITIAL 65536 NEXT 1048576 MINEXTENTS 1 MAXEXTENTS 2147483645
  PCTINCREASE 0 FREELISTS 1 FREELIST GROUPS 1 BUFFER_POOL DEFAULT FLASH_CACHE DEFAULT CELL_FLASH_CACHE DEFAULT)
  TABLESPACE "SYSTEM"  ENABLE;
  ALTER TABLE "CMT" MODIFY ("CMT_DATE" NOT NULL ENABLE);
  ALTER TABLE "CMT" MODIFY ("CMT_TEXT" NOT NULL ENABLE);
  ALTER TABLE "CMT" MODIFY ("CMT_ID" NOT NULL ENABLE);
--------------------------------------------------------
--  Constraints for Table COMPET
--------------------------------------------------------

  ALTER TABLE "COMPET" ADD CONSTRAINT "PK_COMPET" PRIMARY KEY ("COMPET_ID")
  USING INDEX PCTFREE 10 INITRANS 2 MAXTRANS 255 COMPUTE STATISTICS 
  STORAGE(INITIAL 65536 NEXT 1048576 MINEXTENTS 1 MAXEXTENTS 2147483645
  PCTINCREASE 0 FREELISTS 1 FREELIST GROUPS 1 BUFFER_POOL DEFAULT FLASH_CACHE DEFAULT CELL_FLASH_CACHE DEFAULT)
  TABLESPACE "SYSTEM"  ENABLE;
  ALTER TABLE "COMPET" MODIFY ("COMPET_TERMINATED" NOT NULL ENABLE);
  ALTER TABLE "COMPET" MODIFY ("COMPET_TEXT" NOT NULL ENABLE);
  ALTER TABLE "COMPET" MODIFY ("COMPET_CREATE" NOT NULL ENABLE);
  ALTER TABLE "COMPET" MODIFY ("COMPET_END" NOT NULL ENABLE);
  ALTER TABLE "COMPET" MODIFY ("COMPET_START" NOT NULL ENABLE);
  ALTER TABLE "COMPET" MODIFY ("COMPET_NAME" NOT NULL ENABLE);
  ALTER TABLE "COMPET" MODIFY ("COMPET_ID" NOT NULL ENABLE);
--------------------------------------------------------
--  Constraints for Table COMPET_FILE
--------------------------------------------------------

  ALTER TABLE "COMPET_FILE" ADD CONSTRAINT "PK_COMPET_FILE" PRIMARY KEY ("COMPET_FILE_ID")
  USING INDEX PCTFREE 10 INITRANS 2 MAXTRANS 255 COMPUTE STATISTICS 
  STORAGE(INITIAL 65536 NEXT 1048576 MINEXTENTS 1 MAXEXTENTS 2147483645
  PCTINCREASE 0 FREELISTS 1 FREELIST GROUPS 1 BUFFER_POOL DEFAULT FLASH_CACHE DEFAULT CELL_FLASH_CACHE DEFAULT)
  TABLESPACE "SYSTEM"  ENABLE;
  ALTER TABLE "COMPET_FILE" MODIFY ("COMPET_FILE_TYPE" NOT NULL ENABLE);
  ALTER TABLE "COMPET_FILE" MODIFY ("COMPET_FILE_ID" NOT NULL ENABLE);
--------------------------------------------------------
--  Constraints for Table COMPET_NOTICE
--------------------------------------------------------

  ALTER TABLE "COMPET_NOTICE" ADD CONSTRAINT "PK_COMPET_NOTICE" PRIMARY KEY ("COMPET_NOTICE_ID")
  USING INDEX PCTFREE 10 INITRANS 2 MAXTRANS 255 COMPUTE STATISTICS 
  STORAGE(INITIAL 65536 NEXT 1048576 MINEXTENTS 1 MAXEXTENTS 2147483645
  PCTINCREASE 0 FREELISTS 1 FREELIST GROUPS 1 BUFFER_POOL DEFAULT FLASH_CACHE DEFAULT CELL_FLASH_CACHE DEFAULT)
  TABLESPACE "SYSTEM"  ENABLE;
  ALTER TABLE "COMPET_NOTICE" MODIFY ("COMPET_NOTICE_TEXT" NOT NULL ENABLE);
  ALTER TABLE "COMPET_NOTICE" MODIFY ("COMPET_NOTICE_VIEW" NOT NULL ENABLE);
  ALTER TABLE "COMPET_NOTICE" MODIFY ("COMPET_NOTICE_DATE" NOT NULL ENABLE);
  ALTER TABLE "COMPET_NOTICE" MODIFY ("COMPET_NOTICE_TITLE" NOT NULL ENABLE);
  ALTER TABLE "COMPET_NOTICE" MODIFY ("COMPET_NOTICE_ID" NOT NULL ENABLE);
--------------------------------------------------------
--  Constraints for Table COMPET_NOTICE_FILE
--------------------------------------------------------

  ALTER TABLE "COMPET_NOTICE_FILE" ADD CONSTRAINT "PK_COMPET_NOTICE_FILE" PRIMARY KEY ("COMPET_NOTICE_FILE_ID")
  USING INDEX PCTFREE 10 INITRANS 2 MAXTRANS 255 COMPUTE STATISTICS 
  STORAGE(INITIAL 65536 NEXT 1048576 MINEXTENTS 1 MAXEXTENTS 2147483645
  PCTINCREASE 0 FREELISTS 1 FREELIST GROUPS 1 BUFFER_POOL DEFAULT FLASH_CACHE DEFAULT CELL_FLASH_CACHE DEFAULT)
  TABLESPACE "SYSTEM"  ENABLE;
  ALTER TABLE "COMPET_NOTICE_FILE" MODIFY ("COMPET_NOTICE_FILE_TYPE" NOT NULL ENABLE);
  ALTER TABLE "COMPET_NOTICE_FILE" MODIFY ("COMPET_NOTICE_FILE_NAME" NOT NULL ENABLE);
  ALTER TABLE "COMPET_NOTICE_FILE" MODIFY ("COMPET_NOTICE_FILE_ID" NOT NULL ENABLE);
--------------------------------------------------------
--  Constraints for Table COMPET_QNA
--------------------------------------------------------

  ALTER TABLE "COMPET_QNA" MODIFY ("COMPET_ID" NOT NULL ENABLE);
  ALTER TABLE "COMPET_QNA" MODIFY ("COMPET_QNA_TITLE" NOT NULL ENABLE);
  ALTER TABLE "COMPET_QNA" MODIFY ("COMPET_QNA_TEXT" NOT NULL ENABLE);
  ALTER TABLE "COMPET_QNA" MODIFY ("PARENT_ID" NOT NULL ENABLE);
  ALTER TABLE "COMPET_QNA" ADD CONSTRAINT "PK_COMPET_QNA" PRIMARY KEY ("COMPET_QNA_ID")
  USING INDEX PCTFREE 10 INITRANS 2 MAXTRANS 255 COMPUTE STATISTICS 
  STORAGE(INITIAL 65536 NEXT 1048576 MINEXTENTS 1 MAXEXTENTS 2147483645
  PCTINCREASE 0 FREELISTS 1 FREELIST GROUPS 1 BUFFER_POOL DEFAULT FLASH_CACHE DEFAULT CELL_FLASH_CACHE DEFAULT)
  TABLESPACE "SYSTEM"  ENABLE;
  ALTER TABLE "COMPET_QNA" MODIFY ("COMPET_QNA_DATE" NOT NULL ENABLE);
  ALTER TABLE "COMPET_QNA" MODIFY ("COMPET_QNA_ID" NOT NULL ENABLE);
--------------------------------------------------------
--  Constraints for Table CONTENTS
--------------------------------------------------------

  ALTER TABLE "CONTENTS" ADD CONSTRAINT "PK_CONTENTS" PRIMARY KEY ("CONTENTS_ID")
  USING INDEX PCTFREE 10 INITRANS 2 MAXTRANS 255 COMPUTE STATISTICS 
  STORAGE(INITIAL 65536 NEXT 1048576 MINEXTENTS 1 MAXEXTENTS 2147483645
  PCTINCREASE 0 FREELISTS 1 FREELIST GROUPS 1 BUFFER_POOL DEFAULT FLASH_CACHE DEFAULT CELL_FLASH_CACHE DEFAULT)
  TABLESPACE "SYSTEM"  ENABLE;
  ALTER TABLE "CONTENTS" MODIFY ("CONTENTS_PROCESSING_DATE" NOT NULL ENABLE);
  ALTER TABLE "CONTENTS" MODIFY ("CONTENTS_STATE" NOT NULL ENABLE);
  ALTER TABLE "CONTENTS" MODIFY ("CONTENTS_ID" NOT NULL ENABLE);
--------------------------------------------------------
--  Constraints for Table CONTENTS_ALERT
--------------------------------------------------------

  ALTER TABLE "CONTENTS_ALERT" ADD CONSTRAINT "PK_CONTENTS_ALERT" PRIMARY KEY ("CONTENTS_ALERT_ID")
  USING INDEX PCTFREE 10 INITRANS 2 MAXTRANS 255 COMPUTE STATISTICS 
  STORAGE(INITIAL 65536 NEXT 1048576 MINEXTENTS 1 MAXEXTENTS 2147483645
  PCTINCREASE 0 FREELISTS 1 FREELIST GROUPS 1 BUFFER_POOL DEFAULT FLASH_CACHE DEFAULT CELL_FLASH_CACHE DEFAULT)
  TABLESPACE "SYSTEM"  ENABLE;
  ALTER TABLE "CONTENTS_ALERT" MODIFY ("CONTENTS_ALERT_ID" NOT NULL ENABLE);
--------------------------------------------------------
--  Constraints for Table CONTENTS_FILE
--------------------------------------------------------

  ALTER TABLE "CONTENTS_FILE" ADD CONSTRAINT "PK_CONTENTS_FILE" PRIMARY KEY ("CONTENTS_FILE_ID")
  USING INDEX PCTFREE 10 INITRANS 2 MAXTRANS 255 COMPUTE STATISTICS 
  STORAGE(INITIAL 65536 NEXT 1048576 MINEXTENTS 1 MAXEXTENTS 2147483645
  PCTINCREASE 0 FREELISTS 1 FREELIST GROUPS 1 BUFFER_POOL DEFAULT FLASH_CACHE DEFAULT CELL_FLASH_CACHE DEFAULT)
  TABLESPACE "SYSTEM"  ENABLE;
  ALTER TABLE "CONTENTS_FILE" MODIFY ("CONTENTS_FILE_NAME" NOT NULL ENABLE);
  ALTER TABLE "CONTENTS_FILE" MODIFY ("CONTENTS_FILE_TYPE" NOT NULL ENABLE);
  ALTER TABLE "CONTENTS_FILE" MODIFY ("CONTENTS_FILE_ID" NOT NULL ENABLE);
--------------------------------------------------------
--  Constraints for Table LIKES
--------------------------------------------------------

  ALTER TABLE "LIKES" ADD CONSTRAINT "PK_LIKES" PRIMARY KEY ("LIKES_ID")
  USING INDEX PCTFREE 10 INITRANS 2 MAXTRANS 255 COMPUTE STATISTICS 
  STORAGE(INITIAL 65536 NEXT 1048576 MINEXTENTS 1 MAXEXTENTS 2147483645
  PCTINCREASE 0 FREELISTS 1 FREELIST GROUPS 1 BUFFER_POOL DEFAULT FLASH_CACHE DEFAULT CELL_FLASH_CACHE DEFAULT)
  TABLESPACE "SYSTEM"  ENABLE;
  ALTER TABLE "LIKES" MODIFY ("LIKES_DATE" NOT NULL ENABLE);
  ALTER TABLE "LIKES" MODIFY ("LIKES_ID" NOT NULL ENABLE);
--------------------------------------------------------
--  Constraints for Table MAIN_NOTICE
--------------------------------------------------------

  ALTER TABLE "MAIN_NOTICE" ADD CONSTRAINT "PK_MAIN_NOTICE" PRIMARY KEY ("MAIN_NOTICE_ID")
  USING INDEX PCTFREE 10 INITRANS 2 MAXTRANS 255 COMPUTE STATISTICS 
  STORAGE(INITIAL 65536 NEXT 1048576 MINEXTENTS 1 MAXEXTENTS 2147483645
  PCTINCREASE 0 FREELISTS 1 FREELIST GROUPS 1 BUFFER_POOL DEFAULT FLASH_CACHE DEFAULT CELL_FLASH_CACHE DEFAULT)
  TABLESPACE "SYSTEM"  ENABLE;
  ALTER TABLE "MAIN_NOTICE" MODIFY ("MAIN_NOTICE_VIEW" NOT NULL ENABLE);
  ALTER TABLE "MAIN_NOTICE" MODIFY ("MAIN_NOTICE_TITLE" NOT NULL ENABLE);
  ALTER TABLE "MAIN_NOTICE" MODIFY ("MAIN_NOTICE_DATE" NOT NULL ENABLE);
  ALTER TABLE "MAIN_NOTICE" MODIFY ("MAIN_NOTICE_TEXT" NOT NULL ENABLE);
  ALTER TABLE "MAIN_NOTICE" MODIFY ("MAIN_NOTICE_ID" NOT NULL ENABLE);
--------------------------------------------------------
--  Constraints for Table MAIN_NOTICE_FILE
--------------------------------------------------------

  ALTER TABLE "MAIN_NOTICE_FILE" ADD CONSTRAINT "PK_MAIN_NOTICE_FILE" PRIMARY KEY ("MAIN_NOTICE_FILE_ID")
  USING INDEX PCTFREE 10 INITRANS 2 MAXTRANS 255 COMPUTE STATISTICS 
  STORAGE(INITIAL 65536 NEXT 1048576 MINEXTENTS 1 MAXEXTENTS 2147483645
  PCTINCREASE 0 FREELISTS 1 FREELIST GROUPS 1 BUFFER_POOL DEFAULT FLASH_CACHE DEFAULT CELL_FLASH_CACHE DEFAULT)
  TABLESPACE "SYSTEM"  ENABLE;
  ALTER TABLE "MAIN_NOTICE_FILE" MODIFY ("MAIN_NOTICE_FILE_TYPE" NOT NULL ENABLE);
  ALTER TABLE "MAIN_NOTICE_FILE" MODIFY ("MAIN_NOTICE_FILE_NAME" NOT NULL ENABLE);
  ALTER TABLE "MAIN_NOTICE_FILE" MODIFY ("MAIN_NOTICE_FILE_ID" NOT NULL ENABLE);
--------------------------------------------------------
--  Constraints for Table MEMBER
--------------------------------------------------------

  ALTER TABLE "MEMBER" ADD CONSTRAINT "PK_MEMBER" PRIMARY KEY ("MEM_ID")
  USING INDEX PCTFREE 10 INITRANS 2 MAXTRANS 255 COMPUTE STATISTICS 
  STORAGE(INITIAL 65536 NEXT 1048576 MINEXTENTS 1 MAXEXTENTS 2147483645
  PCTINCREASE 0 FREELISTS 1 FREELIST GROUPS 1 BUFFER_POOL DEFAULT FLASH_CACHE DEFAULT CELL_FLASH_CACHE DEFAULT)
  TABLESPACE "SYSTEM"  ENABLE;
  ALTER TABLE "MEMBER" MODIFY ("MEM_PUSH_ALERT" NOT NULL ENABLE);
  ALTER TABLE "MEMBER" MODIFY ("MEM_CONTENTS_ALERT" NOT NULL ENABLE);
  ALTER TABLE "MEMBER" MODIFY ("MEM_ZIPCODE" NOT NULL ENABLE);
  ALTER TABLE "MEMBER" MODIFY ("MEM_DETAIL_ADDR" NOT NULL ENABLE);
  ALTER TABLE "MEMBER" MODIFY ("MEM_OLD_ADDR" NOT NULL ENABLE);
  ALTER TABLE "MEMBER" MODIFY ("MEM_NEW_ADDR" NOT NULL ENABLE);
  ALTER TABLE "MEMBER" MODIFY ("MEM_PHONE3" NOT NULL ENABLE);
  ALTER TABLE "MEMBER" MODIFY ("MEM_PHONE2" NOT NULL ENABLE);
  ALTER TABLE "MEMBER" MODIFY ("MEM_PHONE1" NOT NULL ENABLE);
  ALTER TABLE "MEMBER" MODIFY ("MEM_GRADE" NOT NULL ENABLE);
  ALTER TABLE "MEMBER" MODIFY ("MEM_MAJOR" NOT NULL ENABLE);
  ALTER TABLE "MEMBER" MODIFY ("MEM_DEPT" NOT NULL ENABLE);
  ALTER TABLE "MEMBER" MODIFY ("MEM_STU_ID" NOT NULL ENABLE);
  ALTER TABLE "MEMBER" MODIFY ("MEM_NICKNAME" NOT NULL ENABLE);
  ALTER TABLE "MEMBER" MODIFY ("MEM_NAME" NOT NULL ENABLE);
  ALTER TABLE "MEMBER" MODIFY ("MEM_PWD" NOT NULL ENABLE);
  ALTER TABLE "MEMBER" MODIFY ("MEM_ID" NOT NULL ENABLE);
--------------------------------------------------------
--  Constraints for Table MEMBER_FILE
--------------------------------------------------------

  ALTER TABLE "MEMBER_FILE" ADD CONSTRAINT "PK_MEMBER_FILE" PRIMARY KEY ("MEMBER_FILE_ID")
  USING INDEX PCTFREE 10 INITRANS 2 MAXTRANS 255 COMPUTE STATISTICS 
  STORAGE(INITIAL 65536 NEXT 1048576 MINEXTENTS 1 MAXEXTENTS 2147483645
  PCTINCREASE 0 FREELISTS 1 FREELIST GROUPS 1 BUFFER_POOL DEFAULT FLASH_CACHE DEFAULT CELL_FLASH_CACHE DEFAULT)
  TABLESPACE "SYSTEM"  ENABLE;
  ALTER TABLE "MEMBER_FILE" MODIFY ("MEM_FILE_NAME" NOT NULL ENABLE);
  ALTER TABLE "MEMBER_FILE" MODIFY ("MEM_FILE_TYPE" NOT NULL ENABLE);
  ALTER TABLE "MEMBER_FILE" MODIFY ("MEMBER_FILE_ID" NOT NULL ENABLE);
--------------------------------------------------------
--  Constraints for Table PUSH_ALERT
--------------------------------------------------------

  ALTER TABLE "PUSH_ALERT" ADD CONSTRAINT "PK_PUSH_ALERT" PRIMARY KEY ("PUSH_ALERT_ID")
  USING INDEX PCTFREE 10 INITRANS 2 MAXTRANS 255 COMPUTE STATISTICS 
  STORAGE(INITIAL 65536 NEXT 1048576 MINEXTENTS 1 MAXEXTENTS 2147483645
  PCTINCREASE 0 FREELISTS 1 FREELIST GROUPS 1 BUFFER_POOL DEFAULT FLASH_CACHE DEFAULT CELL_FLASH_CACHE DEFAULT)
  TABLESPACE "SYSTEM"  ENABLE;
  ALTER TABLE "PUSH_ALERT" MODIFY ("PUSH_ALERT_TITLE" NOT NULL ENABLE);
  ALTER TABLE "PUSH_ALERT" MODIFY ("PUSH_ALERT_DATE" NOT NULL ENABLE);
  ALTER TABLE "PUSH_ALERT" MODIFY ("PUSH_ALERT_TEXT" NOT NULL ENABLE);
  ALTER TABLE "PUSH_ALERT" MODIFY ("PUSH_ALERT_ID" NOT NULL ENABLE);
--------------------------------------------------------
--  Constraints for Table RECEPTION
--------------------------------------------------------

  ALTER TABLE "RECEPTION" ADD CONSTRAINT "PK_RECEPTION" PRIMARY KEY ("RECEPTION_ID")
  USING INDEX PCTFREE 10 INITRANS 2 MAXTRANS 255 COMPUTE STATISTICS 
  STORAGE(INITIAL 65536 NEXT 1048576 MINEXTENTS 1 MAXEXTENTS 2147483645
  PCTINCREASE 0 FREELISTS 1 FREELIST GROUPS 1 BUFFER_POOL DEFAULT FLASH_CACHE DEFAULT CELL_FLASH_CACHE DEFAULT)
  TABLESPACE "SYSTEM"  ENABLE;
  ALTER TABLE "RECEPTION" MODIFY ("RECEPTION_OX" NOT NULL ENABLE);
  ALTER TABLE "RECEPTION" MODIFY ("RECEPTION_ID" NOT NULL ENABLE);
--------------------------------------------------------
--  Ref Constraints for Table BANNER_FILE
--------------------------------------------------------

  ALTER TABLE "BANNER_FILE" ADD CONSTRAINT "FK_BANNER_TO_BANNER_FILE" FOREIGN KEY ("BANNER_ID")
	  REFERENCES "BANNER" ("BANNER_ID") ON DELETE CASCADE ENABLE;
--------------------------------------------------------
--  Ref Constraints for Table CMT
--------------------------------------------------------

  ALTER TABLE "CMT" ADD CONSTRAINT "FK_CONTENTS_TO_COMMENT" FOREIGN KEY ("CONTENTS_ID")
	  REFERENCES "CONTENTS" ("CONTENTS_ID") ON DELETE CASCADE ENABLE;
  ALTER TABLE "CMT" ADD CONSTRAINT "FK_MEMBER_TO_COMMENT" FOREIGN KEY ("MEM_ID")
	  REFERENCES "MEMBER" ("MEM_ID") ON DELETE SET NULL ENABLE;
--------------------------------------------------------
--  Ref Constraints for Table COMPET
--------------------------------------------------------

  ALTER TABLE "COMPET" ADD CONSTRAINT "FK_CATEGORY_TO_COMPET" FOREIGN KEY ("CATEG_ID")
	  REFERENCES "CATEGORY" ("CATEG_ID") ON DELETE SET NULL ENABLE;
--------------------------------------------------------
--  Ref Constraints for Table COMPET_FILE
--------------------------------------------------------

  ALTER TABLE "COMPET_FILE" ADD CONSTRAINT "FK_COMPET_TO_COMPET_FILE" FOREIGN KEY ("COMPET_ID")
	  REFERENCES "COMPET" ("COMPET_ID") ON DELETE CASCADE ENABLE;
--------------------------------------------------------
--  Ref Constraints for Table COMPET_NOTICE
--------------------------------------------------------

  ALTER TABLE "COMPET_NOTICE" ADD CONSTRAINT "FK_ADMIN_TO_COMPET_NOTICE" FOREIGN KEY ("ADMIN_ID")
	  REFERENCES "ADMIN" ("ADMIN_ID") ON DELETE SET NULL ENABLE;
  ALTER TABLE "COMPET_NOTICE" ADD CONSTRAINT "FK_COMPET_TO_COMPET_NOTICE" FOREIGN KEY ("COMPET_ID")
	  REFERENCES "COMPET" ("COMPET_ID") ON DELETE CASCADE ENABLE;
--------------------------------------------------------
--  Ref Constraints for Table COMPET_NOTICE_FILE
--------------------------------------------------------

  ALTER TABLE "COMPET_NOTICE_FILE" ADD CONSTRAINT "FK_NOTICE_FILE" FOREIGN KEY ("COMPET_NOTICE_ID")
	  REFERENCES "COMPET_NOTICE" ("COMPET_NOTICE_ID") ON DELETE CASCADE ENABLE;
--------------------------------------------------------
--  Ref Constraints for Table COMPET_QNA
--------------------------------------------------------

  ALTER TABLE "COMPET_QNA" ADD CONSTRAINT "FK_ADMIN_TO_COMPET_QNA" FOREIGN KEY ("ADMIN_ID")
	  REFERENCES "ADMIN" ("ADMIN_ID") ON DELETE SET NULL ENABLE;
  ALTER TABLE "COMPET_QNA" ADD CONSTRAINT "FK_COMPET_TO_COMPET_QNA" FOREIGN KEY ("COMPET_ID")
	  REFERENCES "COMPET" ("COMPET_ID") ON DELETE CASCADE ENABLE;
  ALTER TABLE "COMPET_QNA" ADD CONSTRAINT "FK_MEMBER_TO_COMPET_QNA" FOREIGN KEY ("MEM_ID")
	  REFERENCES "MEMBER" ("MEM_ID") ON DELETE SET NULL ENABLE;
--------------------------------------------------------
--  Ref Constraints for Table CONTENTS
--------------------------------------------------------

  ALTER TABLE "CONTENTS" ADD CONSTRAINT "FK_COMPET_TO_CONTENTS" FOREIGN KEY ("COMPET_ID")
	  REFERENCES "COMPET" ("COMPET_ID") ON DELETE CASCADE ENABLE;
  ALTER TABLE "CONTENTS" ADD CONSTRAINT "FK_MEMBER_TO_CONTENTS" FOREIGN KEY ("MEM_ID")
	  REFERENCES "MEMBER" ("MEM_ID") ON DELETE CASCADE ENABLE;
--------------------------------------------------------
--  Ref Constraints for Table CONTENTS_ALERT
--------------------------------------------------------

  ALTER TABLE "CONTENTS_ALERT" ADD CONSTRAINT "FK_CONTENTS_TO_CONTENTS_ALERT" FOREIGN KEY ("CONTENTS_ID")
	  REFERENCES "CONTENTS" ("CONTENTS_ID") ON DELETE CASCADE ENABLE;
  ALTER TABLE "CONTENTS_ALERT" ADD CONSTRAINT "FK_MEMBER_TO_CONTENTS_ALERT" FOREIGN KEY ("MEM_ID")
	  REFERENCES "MEMBER" ("MEM_ID") ON DELETE SET NULL ENABLE;
--------------------------------------------------------
--  Ref Constraints for Table CONTENTS_FILE
--------------------------------------------------------

  ALTER TABLE "CONTENTS_FILE" ADD CONSTRAINT "FK_CONTENTS_TO_CONTENTS_FILE" FOREIGN KEY ("CONTENTS_ID")
	  REFERENCES "CONTENTS" ("CONTENTS_ID") ON DELETE CASCADE ENABLE;
--------------------------------------------------------
--  Ref Constraints for Table LIKES
--------------------------------------------------------

  ALTER TABLE "LIKES" ADD CONSTRAINT "FK_CONTENTS_TO_LIKES" FOREIGN KEY ("CONTENTS_ID")
	  REFERENCES "CONTENTS" ("CONTENTS_ID") ON DELETE CASCADE ENABLE;
  ALTER TABLE "LIKES" ADD CONSTRAINT "FK_MEMBER_TO_LIKE" FOREIGN KEY ("MEM_ID")
	  REFERENCES "MEMBER" ("MEM_ID") ON DELETE SET NULL ENABLE;
--------------------------------------------------------
--  Ref Constraints for Table MAIN_NOTICE
--------------------------------------------------------

  ALTER TABLE "MAIN_NOTICE" ADD CONSTRAINT "FK_ADMIN_TO_MAIN_NOTICE" FOREIGN KEY ("ADMIN_ID")
	  REFERENCES "ADMIN" ("ADMIN_ID") ON DELETE SET NULL ENABLE;
--------------------------------------------------------
--  Ref Constraints for Table MAIN_NOTICE_FILE
--------------------------------------------------------

  ALTER TABLE "MAIN_NOTICE_FILE" ADD CONSTRAINT "FK_MAIN_NOTICE_FILE" FOREIGN KEY ("MAIN_NOTICE_ID")
	  REFERENCES "MAIN_NOTICE" ("MAIN_NOTICE_ID") ON DELETE CASCADE ENABLE;
--------------------------------------------------------
--  Ref Constraints for Table MEMBER_FILE
--------------------------------------------------------

  ALTER TABLE "MEMBER_FILE" ADD CONSTRAINT "FK_MEMBER_TO_MEMBER_FILE" FOREIGN KEY ("MEM_ID")
	  REFERENCES "MEMBER" ("MEM_ID") ON DELETE CASCADE ENABLE;
--------------------------------------------------------
--  Ref Constraints for Table PUSH_ALERT
--------------------------------------------------------

  ALTER TABLE "PUSH_ALERT" ADD CONSTRAINT "FK_ADMIN_TO_PUSH_ALERT" FOREIGN KEY ("ADMIN_ID")
	  REFERENCES "ADMIN" ("ADMIN_ID") ON DELETE SET NULL ENABLE;
--------------------------------------------------------
--  Ref Constraints for Table RECEPTION
--------------------------------------------------------

  ALTER TABLE "RECEPTION" ADD CONSTRAINT "FK_MEMBER_TO_RECEPTION" FOREIGN KEY ("MEM_ID")
	  REFERENCES "MEMBER" ("MEM_ID") ON DELETE CASCADE ENABLE;
  ALTER TABLE "RECEPTION" ADD CONSTRAINT "FK_PUSH_ALERT_TO_RECEPTION" FOREIGN KEY ("PUSH_ALERT_ID")
	  REFERENCES "PUSH_ALERT" ("PUSH_ALERT_ID") ON DELETE SET NULL ENABLE;
